player_code,player_id,first_name,second_name,web_name,team_code,position,source_season
438098,1,Fábio,Ferreira Vieira,Fábio Vieira,3,Midfielder,2024-2025
100051017,735,Mikel,Arteta,Arteta,3,Unknown,2024-2025
616059,756,Jack,Porter,Porter,3,Goalkeeper,2024-2025
538182,790,Jimi,Gower,Gower,3,Midfielder,2024-2025
514307,793,Jack,Henry-Francis,Jack Henry-Francis,3,Midfielder,2024-2025
563324,801,Brayden,Clarke,Clarke,3,Defender,2024-2025
577731,679,Ben,Broggio,Broggio,7,Midfielder,2024-2025
559962,710,Jamaldeen,Jimoh,Jimoh,7,Midfielder,2024-2025
204646,725,Donyell,Malen,Malen,7,Midfielder,2024-2025
606798,731,Andrés,García,A. Garcia,7,Defender,2024-2025
123354,40,Kortney,Hause,Hause,7,Defender,2024-2025
100037568,737,Unai,Emery,Emery,7,Unknown,2024-2025
174292,762,Marco,Asensio,M.Asensio,7,Midfielder,2024-2025
155408,64,Lewis,Cook,Cook,91,Midfielder,2024-2025
441240,66,Romain,Faivre,Faivre,91,Midfielder,2024-2025
223911,72,Chris,Mepham,Mepham,91,Defender,2024-2025
450539,103,Myles,Peart-Harris,Peart-Harris,94,Midfielder,2024-2025
591357,602,Ryan,Trevitt,Trevitt,94,Midfielder,2024-2025
622536,705,Benjamin,Arthur,Arthur,94,Defender,2024-2025
533463,74,Dango,Ouattara,O.Dango,91,Midfielder,2024-2025
168991,76,Philip,Billing,Philip,91,Midfielder,2024-2025
224995,80,Luis,Sinisterra,Sinisterra,91,Midfielder,2024-2025
496683,680,Max,Kinsey,Kinsey,91,Defender,2024-2025
575901,713,Julio,Soler,Soler,91,Defender,2024-2025
432830,88,Nathan,Collins,Collins,94,Defender,2024-2025
626464,634,Gustavo,Nunes Fernandes Gomes,G.Nunes,94,Midfielder,2024-2025
612534,786,Benjamin,Fredrick,Benjamin Fredrick,94,Defender,2024-2025
535301,115,Carlos,Baleba,Baleba,36,Midfielder,2024-2025
543158,116,Valentín,Barco,Barco,36,Defender,2024-2025
612855,127,Ibrahim,Osman,I.Osman,36,Midfielder,2024-2025
232792,131,Tariq,Lamptey,Lamptey,36,Defender,2024-2025
550141,133,Adrian,Mazilu,Mazilu,36,Midfielder,2024-2025
592031,135,Yankuba,Minteh,Minteh,36,Midfielder,2024-2025
450434,143,Deniz,Undav,Undav,36,Forward,2024-2025
176297,385,Marcus,Rashford,Rashford,7,Midfielder,2024-2025
590760,722,Daniel,Adu-Adjei,Adu-Adjei,91,Forward,2024-2025
550596,723,Dominic,Sadi,Sadi,91,Midfielder,2024-2025
568791,727,Callan,McKenna,McKenna,91,Goalkeeper,2024-2025
530121,728,Zain,Silcott-Duberry,Silcott-Duberry,91,Midfielder,2024-2025
100050427,738,Andoni,Iraola,Iraola,91,Unknown,2024-2025
15157,134,James,Milner,Milner,36,Midfielder,2024-2025
441192,141,Jeremy,Sarmiento Morante,Sarmiento,36,Midfielder,2024-2025
606774,707,Remy,Rees-Dottin,Rees-Dottin,91,Forward,2024-2025
541462,712,Matai,Akinmboni,Akinmboni,91,Defender,2024-2025
440089,89,Mikkel,Damsgaard,Damsgaard,94,Midfielder,2024-2025
183656,90,Josh,Dasilva,Dasilva,94,Midfielder,2024-2025
118342,91,Mark,Flekken,Flekken,94,Goalkeeper,2024-2025
194010,92,Rico,Henry,Henry,94,Defender,2024-2025
472713,93,Aaron,Hickey,Hickey,94,Defender,2024-2025
204580,94,Vitaly,Janelt,Janelt,94,Midfielder,2024-2025
570241,96,Kim,Ji-soo,Ji-soo,94,Defender,2024-2025
628204,97,Yunus Emre,Konak,Konak,94,Midfielder,2024-2025
249231,98,Keane,Lewis-Potter,Lewis-Potter,94,Midfielder,2024-2025
446008,99,Bryan,Mbeumo,Mbeumo,94,Midfielder,2024-2025
51927,100,Ben,Mee,Mee,94,Defender,2024-2025
128295,101,Christian,Nørgaard,Nørgaard,94,Midfielder,2024-2025
231065,104,Ethan,Pinnock,Pinnock,94,Defender,2024-2025
226956,105,Mads,Roerslev Rasmussen,Roerslev,94,Defender,2024-2025
513418,106,Kevin,Schade,Schade,94,Midfielder,2024-2025
502500,107,Igor Thiago,Nascimento Rodrigues,Thiago,94,Forward,2024-2025
144485,108,Ivan,Toney,Toney,94,Forward,2024-2025
507433,109,Hákon,Valdimarsson,Valdimarsson,94,Goalkeeper,2024-2025
216646,110,Yoane,Wissa,Wissa,94,Forward,2024-2025
508395,111,Yehor,Yarmoliuk,Yarmoliuk,94,Midfielder,2024-2025
48760,112,Mathias,Jorgensen,Zanka,94,Defender,2024-2025
244858,314,Fábio,Freitas Gouveia Carvalho,Carvalho,94,Midfielder,2024-2025
499717,649,Jayden,Meghoma,Meghoma,94,Defender,2024-2025
592662,661,Tony,Yogane,Yogane,94,Midfielder,2024-2025
220695,674,Paris,Maghoma,Maghoma,94,Midfielder,2024-2025
100042830,752,Thomas,Frank,Frank,94,Unknown,2024-2025
607464,757,Michael,Kayode,Kayode,94,Defender,2024-2025
535017,759,Julian,Eyestone,Eyestone,94,Goalkeeper,2024-2025
533710,780,Iwan,Morgan,Morgan,94,Forward,2024-2025
535818,113,Simon,Adingra,Adingra,36,Midfielder,2024-2025
475480,114,Benicio,Baker-Boaitey,Baker-Boaitey,36,Midfielder,2024-2025
519324,118,Amario,Cozier-Duberry,Cozier-Duberry,36,Midfielder,2024-2025
168090,119,Mahmoud,Dahoud,Dahoud,36,Midfielder,2024-2025
204214,122,Pervis,Estupiñán,Estupiñan,36,Defender,2024-2025
243568,124,Billy,Gilmour,Gilmour,36,Midfielder,2024-2025
60307,125,Pascal,Groß,Gross,36,Midfielder,2024-2025
532529,126,Jack,Hinshelwood,Hinshelwood,36,Midfielder,2024-2025
223434,128,Igor Julio,dos Santos de Paulo,Igor,36,Defender,2024-2025
475168,129,João Pedro,Junqueira de Jesus,João Pedro,36,Forward,2024-2025
484658,130,Kacper,Kozłowski,Kozlowski,36,Midfielder,2024-2025
109345,132,Solly,March,March,36,Midfielder,2024-2025
451340,136,Mitoma,Kaoru,Mitoma,36,Midfielder,2024-2025
243505,137,Jakub,Moder,Moder,36,Midfielder,2024-2025
574402,138,Mark,O’Mahony,O’Mahony,36,Forward,2024-2025
445548,139,Odeluga,Offiah,Offiah,36,Defender,2024-2025
491598,140,Cameron,Peupion,Peupion,36,Midfielder,2024-2025
49262,142,Jason,Steele,Steele,36,Goalkeeper,2024-2025
469142,144,Jan Paul,van Hecke,Van Hecke,36,Defender,2024-2025
111478,145,Joël,Veltman,Veltman,36,Defender,2024-2025
469247,41,Samuel,Iling-Junior,Iling Jr,7,Midfielder,2024-2025
226944,42,Boubacar,Kamara,Kamara,7,Midfielder,2024-2025
465390,43,Kaine,Kesler-Hayden,Kesler-Hayden,7,Defender,2024-2025
199798,44,Ezri,Konsa Ngoyo,Konsa,7,Defender,2024-2025
441302,45,Ian,Maatsen,Maatsen,7,Defender,2024-2025
462381,46,Filip,Marschall,Marschall,7,Goalkeeper,2024-2025
98980,47,Emiliano,Martínez Romero,Martinez,7,Goalkeeper,2024-2025
122806,48,John,McGinn,McGinn,7,Midfielder,2024-2025
149484,49,Tyrone,Mings,Mings,7,Defender,2024-2025
578545,50,Kosta,Nedeljković,Nedeljkovic,7,Defender,2024-2025
111782,51,Robin,Olsen,Olsen,7,Goalkeeper,2024-2025
244954,52,Pau,Torres,Pau,7,Defender,2024-2025
232653,53,Jacob,Ramsey,Ramsey,7,Midfielder,2024-2025
244850,54,Morgan,Rogers,Rogers,7,Midfielder,2024-2025
248164,55,Viljami,Sinisalo,Sinisalo,7,Goalkeeper,2024-2025
514315,56,Lino,da Cruz Sousa,Sousa,7,Defender,2024-2025
178301,58,Ollie,Watkins,Watkins,7,Forward,2024-2025
449871,233,Amadou,Onana,Onana,7,Midfielder,2024-2025
515597,598,Lamare,Bogarde,Bogarde,7,Defender,2024-2025
514287,640,Sil,Swinkels,Swinkels,7,Defender,2024-2025
516159,641,Oliwier,Zych,Zych,7,Goalkeeper,2024-2025
537403,656,Kadan,Young,Young,7,Midfielder,2024-2025
232980,59,Max,Aarons,Aarons,91,Defender,2024-2025
200785,60,Tyler,Adams,Adams,91,Midfielder,2024-2025
444180,61,Jaidon,Anthony,Anthony,91,Midfielder,2024-2025
111317,62,David,Brooks,Brooks,91,Midfielder,2024-2025
158499,63,Ryan,Christie,Christie,91,Midfielder,2024-2025
168636,65,Enes,Ünal,Enes Ünal,91,Forward,2024-2025
424044,67,Hamed,Traorè,H.Traorè,91,Midfielder,2024-2025
463981,68,James,Hill,Hill,91,Defender,2024-2025
523700,69,Daniel,Jebbison,Jebbison,91,Forward,2024-2025
222683,71,Justin,Kluivert,Kluivert,91,Midfielder,2024-2025
495145,75,Alex,Paulsen,Paulsen,91,Goalkeeper,2024-2025
503139,77,Alex,Scott,Scott,91,Midfielder,2024-2025
437730,78,Antoine,Semenyo,Semenyo,91,Midfielder,2024-2025
221466,79,Marcos,Senesi,Senesi,91,Defender,2024-2025
54469,81,Adam,Smith,Smith,91,Defender,2024-2025
201658,83,Marcus,Tavernier,Tavernier,91,Midfielder,2024-2025
229600,84,Mark,Travers,Travers,91,Goalkeeper,2024-2025
477580,85,Illia,Zabarnyi,Zabarnyi,91,Defender,2024-2025
109745,152,Kepa,Arrizabalaga,Arrizabalaga,91,Goalkeeper,2024-2025
436893,592,Julián,Araujo Zúñiga,J.Araujo,91,Defender,2024-2025
444172,599,Will,Dennis,Dennis,91,Goalkeeper,2024-2025
444102,617,Francisco Evanilson,de Lima Barbosa,Evanilson,91,Forward,2024-2025
606775,687,Ben,Winterburn,Winterburn,91,Midfielder,2024-2025
632822,702,Archie,Harris,Harris,91,Defender,2024-2025
191866,86,Kristoffer,Ajer,Ajer,94,Defender,2024-2025
494041,87,Ethan,Brierley,Brierley,94,Midfielder,2024-2025
489639,146,Bart,Verbruggen,Verbruggen,36,Goalkeeper,2024-2025
110735,147,Adam,Webster,Webster,36,Defender,2024-2025
50175,148,Danny,Welbeck,Welbeck,36,Forward,2024-2025
467779,149,Mats,Wieffer,Wieffer,36,Midfielder,2024-2025
513433,595,Brajan,Gruda,Gruda,36,Midfielder,2024-2025
205651,2,Gabriel,Fernando de Jesus,G.Jesus,3,Forward,2024-2025
226597,3,Gabriel,dos Santos Magalhães,Gabriel,3,Defender,2024-2025
219847,4,Kai,Havertz,Havertz,3,Forward,2024-2025
463748,5,Karl,Hein,Hein,3,Goalkeeper,2024-2025
445122,6,Jurriën,Timber,J.Timber,3,Defender,2024-2025
85955,7,Jorge Luiz,Frello Filho,Jorginho,3,Midfielder,2024-2025
440854,8,Jakub,Kiwior,Kiwior,3,Defender,2024-2025
444145,9,Gabriel,Martinelli Silva,Martinelli,3,Midfielder,2024-2025
499175,12,Ethan,Nwaneri,Nwaneri,3,Midfielder,2024-2025
184029,13,Martin,Ødegaard,Ødegaard,3,Midfielder,2024-2025
154561,15,David,Raya Martin,Raya,3,Goalkeeper,2024-2025
204480,16,Declan,Rice,Rice,3,Midfielder,2024-2025
223340,17,Bukayo,Saka,Saka,3,Midfielder,2024-2025
462424,18,William,Saliba,Saliba,3,Defender,2024-2025
167199,20,Thomas,Partey,Thomas,3,Midfielder,2024-2025
192895,21,Kieran,Tierney,Tierney,3,Defender,2024-2025
223723,22,Tomiyasu,Takehiro,Tomiyasu,3,Defender,2024-2025
116216,23,Leandro,Trossard,Trossard,3,Midfielder,2024-2025
198869,24,Benjamin,White,White,3,Defender,2024-2025
206325,25,Oleksandr,Zinchenko,Zinchenko,3,Defender,2024-2025
69752,73,Norberto,Murara Neto,Neto,3,Goalkeeper,2024-2025
103955,186,Raheem,Sterling,Sterling,3,Midfielder,2024-2025
466075,578,Riccardo,Calafiori,Calafiori,3,Defender,2024-2025
499169,597,Myles,Lewis-Skelly,Lewis-Skelly,3,Midfielder,2024-2025
195384,633,Mikel,Merino,Merino,3,Midfielder,2024-2025
498046,638,Salah-Eddine,Oulad M'hand,Oulad M'hand,3,Midfielder,2024-2025
551221,639,Tommy,Setford,Setford,3,Goalkeeper,2024-2025
588793,657,Maldini,Kacurri,Kacurri,3,Defender,2024-2025
588796,659,Ismeal,Kabia,Kabia,3,Midfielder,2024-2025
499167,662,Josh,Nichols,Nichols,3,Defender,2024-2025
461025,665,Nathan,Butler-Oyedeji,Butler-Oyedeji,3,Forward,2024-2025
215711,28,Leon,Bailey,Bailey,7,Midfielder,2024-2025
88894,29,Ross,Barkley,Barkley,7,Midfielder,2024-2025
491287,30,Enzo,Barrenechea,Barrenechea,7,Midfielder,2024-2025
195546,31,Emiliano,Buendía Stati,Buendia,7,Midfielder,2024-2025
199796,32,Matty,Cash,Cash,7,Defender,2024-2025
151589,33,Leander,Dendoncker,Dendoncker,7,Midfielder,2024-2025
243557,34,Moussa,Diaby,Diaby,7,Midfielder,2024-2025
165659,35,Diego Carlos,Santos Silva,Diego Carlos,7,Defender,2024-2025
101188,36,Lucas,Digne,Digne,7,Defender,2024-2025
461421,37,Lewis,Dobbin,Dobbin,7,Midfielder,2024-2025
476344,38,Jhon,Durán,Duran,7,Forward,2024-2025
462492,39,Joe,Gauci,Gauci,7,Goalkeeper,2024-2025
428580,102,Frank,Onyeka,Onyeka,94,Midfielder,2024-2025
444765,338,Sepp,van den Berg,Van den Berg,94,Defender,2024-2025
509416,600,Yasin,Ayari,Ayari,36,Midfielder,2024-2025
513834,601,Andrew,Moran,Moran,36,Midfielder,2024-2025
472739,615,Carl,Rushworth,Rushworth,36,Goalkeeper,2024-2025
463067,618,Georginio,Rutter,Georginio,36,Midfielder,2024-2025
231416,628,Ferdi,Kadioglu,F.Kadıoğlu,36,Defender,2024-2025
219249,629,Matt,O'Riley,O'Riley,36,Midfielder,2024-2025
447720,663,Imari,Samuels,Samuels,36,Defender,2024-2025
565858,668,Killian,Cahill,Cahill,36,Goalkeeper,2024-2025
539721,681,Ruairi,McConville,McConville,36,Defender,2024-2025
589100,685,Jacob,Slater,Slater,36,Defender,2024-2025
166989,57,Youri,Tielemans,Tielemans,7,Midfielder,2024-2025
220362,167,Axel,Disasi,Disasi,7,Defender,2024-2025
544877,70,Milos,Kerkez,Kerkez,91,Defender,2024-2025
554605,580,Dean,Huijsen,Huijsen,91,Defender,2024-2025
207283,95,Mathias,Jensen,Jensen,94,Midfielder,2024-2025
83299,120,Lewis,Dunk,Dunk,36,Defender,2024-2025
514254,714,Diego,Gómez,Gómez,36,Midfielder,2024-2025
100053901,739,Fabian,Hürzeler,Hürzeler,36,Unknown,2024-2025
567121,758,Joe,Knight,Knight,36,Midfielder,2024-2025
439135,763,Eiran,Cashin,Cashin,36,Defender,2024-2025
547720,791,Charlie,Tasker,Charlie Tasker,36,Defender,2024-2025
604988,794,Freddie,Simmonds,Freddie Simmonds,36,Defender,2024-2025
597320,795,Harry,Howell,Harry Howell,36,Midfielder,2024-2025
532605,150,Andrey,Nascimento dos Santos,Andrey Santos,8,Midfielder,2024-2025
518620,151,Ângelo Gabriel,Borges Damaceno,Ângelo,8,Midfielder,2024-2025
242880,153,Benoît,Badiashile,B.Badiashile,8,Defender,2024-2025
482158,154,Lucas,Bergström,Bergström,8,Goalkeeper,2024-2025
122074,155,Marcus,Bettinelli,Bettinelli,8,Goalkeeper,2024-2025
486672,157,Moisés,Caicedo Corozo,Caicedo,8,Midfielder,2024-2025
505187,158,Cesare,Casadei,Casadei,8,Midfielder,2024-2025
180736,159,Trevoh,Chalobah,Chalobah,8,Defender,2024-2025
478912,161,Carney,Chukwuemeka,Chukwuemeka,8,Midfielder,2024-2025
460028,162,Levi,Colwill,Colwill,8,Defender,2024-2025
179268,163,Marc,Cucurella Saseta,Cucurella,8,Defender,2024-2025
520295,164,David Datro,Fofana,D.D.Fofana,8,Forward,2024-2025
617054,165,Deivid Washington,de Souza Eugênio,Deivid,8,Forward,2024-2025
215413,166,Kiernan,Dewsbury-Hall,Dewsbury-Hall,8,Midfielder,2024-2025
448047,168,Enzo,Fernández,Enzo,8,Midfielder,2024-2025
232787,169,Conor,Gallagher,Gallagher,8,Midfielder,2024-2025
514280,170,Alfie,Gilchrist,Gilchrist,8,Defender,2024-2025
482609,171,Malo,Gusto,Gusto,8,Defender,2024-2025
225796,172,Reece,James,James,8,Defender,2024-2025
549068,173,Omari,Kellyman,Kellyman,8,Midfielder,2024-2025
514356,174,Roméo,Lavia,Lavia,8,Midfielder,2024-2025
66749,175,Romelu,Lukaku Bolingoli,Lukaku,8,Forward,2024-2025
204727,176,Malang,Sarr,M.Sarr,8,Defender,2024-2025
248857,177,Noni,Madueke,Madueke,8,Midfielder,2024-2025
499309,178,Marc,Guiu Paz,Marc Guiu,8,Forward,2024-2025
465920,179,Mykhailo,Mudryk,Mudryk,8,Midfielder,2024-2025
517052,180,Nicolas,Jackson,N.Jackson,8,Forward,2024-2025
213198,181,Christopher,Nkunku,Nkunku,8,Midfielder,2024-2025
244851,182,Cole,Palmer,Palmer,8,Midfielder,2024-2025
457569,183,Đorđe,Petrović,Petrović,8,Goalkeeper,2024-2025
551230,184,Renato,Palma Veiga,Renato Veiga,8,Midfielder,2024-2025
215059,185,Robert,Sánchez,Sánchez,8,Goalkeeper,2024-2025
109646,187,Tosin,Adarabioyo,Tosin,8,Defender,2024-2025
444463,189,Wesley,Fofana,W.Fofana,8,Defender,2024-2025
209243,386,Jadon,Sancho,Sancho,8,Midfielder,2024-2025
247632,560,Pedro,Lomba Neto,Neto,8,Midfielder,2024-2025
488464,575,Caleb,Wiley,Wiley,8,Defender,2024-2025
508479,581,Filip,Jørgensen,Jørgensen,8,Goalkeeper,2024-2025
428399,621,João,Félix Sequeira,João Félix,8,Midfielder,2024-2025
547692,695,Samuel,Rak-Sakyi,Rak-Sakyi,8,Midfielder,2024-2025
100048548,740,Enzo,Maresca,Maresca,8,Unknown,2024-2025
609640,771,Mathis,Amougou,Amougou,8,Midfielder,2024-2025
622758,774,Aaron,Anselmino,Anselmino,8,Defender,2024-2025
567119,781,Shumaira,Mheuka,Mheuka,8,Forward,2024-2025
536238,782,Ishé,Samuels-Smith,Samuels-Smith,8,Defender,2024-2025
591382,787,Genesis,Antwi,Genesis Antwi,8,Defender,2024-2025
205533,11,Eddie,Nketiah,Nketiah,31,Forward,2024-2025
172850,160,Ben,Chilwell,Chilwell,31,Defender,2024-2025
466117,190,Naouirou,Ahamada,Ahamada,31,Midfielder,2024-2025
438464,193,Cheick,Doucouré,C.Doucouré,31,Midfielder,2024-2025
515621,195,Chadi,Riad Dnanou,Chadi Riad,31,Defender,2024-2025
57328,196,Nathaniel,Clyne,Clyne,31,Defender,2024-2025
450535,197,Malcolm,Ebiowei,Ebiowei,31,Midfielder,2024-2025
209036,200,Marc,Guéhi,Guéhi,31,Defender,2024-2025
172649,201,Dean,Henderson,Henderson,31,Goalkeeper,2024-2025
108413,203,Will,Hughes,Hughes,31,Midfielder,2024-2025
152551,206,Jefferson,Lerma Solís,Lerma,31,Midfielder,2024-2025
231747,207,Jean-Philippe,Mateta,Mateta,31,Forward,2024-2025
169593,209,Remi,Matthews,Matthews,31,Goalkeeper,2024-2025
244723,210,Tyrick,Mitchell,Mitchell,31,Defender,2024-2025
247348,211,Daniel,Muñoz,Muñoz,31,Defender,2024-2025
531989,212,David,Ozoh,Ozoh,31,Midfielder,2024-2025
450542,213,Jesurun,Rak-Sakyi,Rak-Sakyi,31,Midfielder,2024-2025
86417,214,Jeffrey,Schlupp,Schlupp,31,Midfielder,2024-2025
55494,215,Joel,Ward,Ward,31,Defender,2024-2025
496221,216,Adam,Wharton,Wharton,31,Midfielder,2024-2025
224068,445,Matt,Turner,Turner,31,Goalkeeper,2024-2025
232185,585,Ismaïla,Sarr,I.Sarr,31,Midfielder,2024-2025
574398,644,Franco,Umeh-Chibueze,Umeh-Chibueze,31,Midfielder,2024-2025
489706,645,Justin,Devenny,Devenny,31,Midfielder,2024-2025
579075,646,Asher,Agbinone,Agbinone,31,Midfielder,2024-2025
530318,647,Kaden,Rodney,Rodney,31,Midfielder,2024-2025
437499,650,Maxence,Lacroix,Lacroix,31,Defender,2024-2025
590012,666,Caleb,Kporha,Kporha,31,Defender,2024-2025
576980,676,Zach,Marsh,Marsh,31,Forward,2024-2025
606921,730,Romain,Esse,Esse,31,Midfielder,2024-2025
100044409,741,Oliver,Glasner,Glasner,31,Unknown,2024-2025
440323,156,Armando,Broja,Broja,11,Forward,2024-2025
121599,217,Abdoulaye,Doucouré,A.Doucoure,11,Midfielder,2024-2025
486385,218,Norberto Bercique,Gomes Betuncal,Beto,11,Forward,2024-2025
480455,219,Jarrad,Branthwaite,Branthwaite,11,Defender,2024-2025
177815,220,Dominic,Calvert-Lewin,Calvert-Lewin,11,Forward,2024-2025
59949,221,Séamus,Coleman,Coleman,11,Defender,2024-2025
550615,696,Tyrique,George,George,8,Midfielder,2024-2025
577016,697,Josh,Acheampong,Acheampong,8,Defender,2024-2025
427623,194,Chris,Richards,C.Richards,31,Defender,2024-2025
232413,199,Eberechi,Eze,Eze,31,Midfielder,2024-2025
156074,202,Rob,Holding,Holding,31,Defender,2024-2025
209400,205,Daichi,Kamada,Kamada,31,Midfielder,2024-2025
536694,208,Matheus,França de Oliveira,M.França,31,Midfielder,2024-2025
80801,222,Idrissa,Gueye,Gana,11,Midfielder,2024-2025
232928,223,James,Garner,Garner,11,Midfielder,2024-2025
221399,224,Jack,Harrison,Harrison,11,Midfielder,2024-2025
194164,225,Mason,Holgate,Holgate,11,Defender,2024-2025
490094,226,Tim,Iroegbunam,Iroegbunam,11,Midfielder,2024-2025
222627,227,João,Neves Virgínia,J.Virginia,11,Goalkeeper,2024-2025
106611,228,Michael,Keane,Keane,11,Defender,2024-2025
115382,229,Neal,Maupay,Maupay,11,Forward,2024-2025
433154,230,Dwight,McNeil,McNeil,11,Midfielder,2024-2025
224967,231,Vitalii,Mykolenko,Mykolenko,11,Defender,2024-2025
440993,232,Iliman,Ndiaye,Ndiaye,11,Forward,2024-2025
243571,234,Nathan,Patterson,Patterson,11,Defender,2024-2025
111234,235,Jordan,Pickford,Pickford,11,Goalkeeper,2024-2025
17761,236,James,Tarkowski,Tarkowski,11,Defender,2024-2025
491012,237,Youssef,Ramalho Chermiti,Y. Chermiti,11,Forward,2024-2025
18892,238,Ashley,Young,Young,11,Defender,2024-2025
463903,577,Jesper,Lindstrøm,Lindstrøm,11,Midfielder,2024-2025
512462,582,Jake,O'Brien,O'Brien,11,Defender,2024-2025
609873,603,Harrison,Armstrong,Armstrong,11,Midfielder,2024-2025
491557,614,Jenson,Metcalfe,Metcalfe,11,Midfielder,2024-2025
40349,624,Asmir,Begovic,Begovic,11,Goalkeeper,2024-2025
496178,627,Roman,Dixon,Dixon,11,Defender,2024-2025
179519,651,Orel,Mangala,Mangala,11,Midfielder,2024-2025
536241,724,Martin,Sherif,Sherif,11,Forward,2024-2025
100000084,742,David,Moyes,Moyes,11,Unknown,2024-2025
496279,773,Isaac,Heath,Heath,11,Midfielder,2024-2025
504296,775,Coby,Ebere,Coby Ebere,11,Midfielder,2024-2025
474907,803,Reece,Welch,Welch,11,Defender,2024-2025
200641,10,Reiss,Nelson,Nelson,54,Midfielder,2024-2025
209289,19,Emile,Smith Rowe,Smith Rowe,54,Midfielder,2024-2025
159533,239,Adama,Traoré,Adama,54,Midfielder,2024-2025
156689,240,Andreas,Hoelgebaum Pereira,Andreas,54,Midfielder,2024-2025
232892,241,Calvin,Bassey,Bassey,54,Defender,2024-2025
428971,242,Steven,Benda,Benda,54,Goalkeeper,2024-2025
76357,243,Tom,Cairney,Cairney,54,Midfielder,2024-2025
166477,244,Timothy,Castagne,Castagne,54,Defender,2024-2025
219924,245,Issa,Diop,Diop,54,Defender,2024-2025
515024,246,Luke,Harris,Harris,54,Midfielder,2024-2025
153133,247,Alex,Iwobi,Iwobi,54,Midfielder,2024-2025
80201,248,Bernd,Leno,Leno,54,Goalkeeper,2024-2025
212314,249,Saša,Lukić,Lukić,54,Midfielder,2024-2025
120721,250,Kevin,Mbabu,Mbabu,54,Defender,2024-2025
244042,251,Rodrigo,Muniz Carvalho,Muniz,54,Forward,2024-2025
102057,252,Raúl,Jiménez,Raúl,54,Forward,2024-2025
82514,253,Tim,Ream,Ream,54,Defender,2024-2025
153366,254,Harrison,Reed,Reed,54,Midfielder,2024-2025
169528,255,Antonee,Robinson,Robinson,54,Defender,2024-2025
245824,258,Carlos Vinícius,Alves Morais,Vinicius,54,Forward,2024-2025
153682,259,Harry,Wilson,Wilson,54,Midfielder,2024-2025
184349,579,Ryan,Sessegnon,Sessegnon,54,Defender,2024-2025
246301,586,Jorge,Cuenca Barreno,J.Cuenca,54,Defender,2024-2025
577725,604,Josh,King,King,54,Midfielder,2024-2025
573062,605,Martial,Godo,Godo,54,Midfielder,2024-2025
207189,622,Sander,Berge,Berge,54,Midfielder,2024-2025
591385,690,Samuel,Amissah,Amissah,54,Defender,2024-2025
100041800,753,Marco Alexandre,Saraiva da Silva,Silva,54,Unknown,2024-2025
47431,772,Willian,Borges da Silva,Willian,54,Midfielder,2024-2025
474120,121,Julio,Enciso,Enciso,40,Midfielder,2024-2025
462387,260,Ali,Al-Hamadi,Al-Hamadi,40,Forward,2024-2025
173818,262,Nathan,Broadhead,Broadhead,40,Midfielder,2024-2025
122411,263,Cameron,Burgess,Burgess,40,Defender,2024-2025
149929,264,Wes,Burns,Burns,40,Midfielder,2024-2025
214964,269,George,Edmundson,Edmundson,40,Defender,2024-2025
222625,272,George,Hirst,Hirst,40,Forward,2024-2025
524180,273,Cameron,Humphreys,Humphreys,40,Midfielder,2024-2025
503301,274,Omari,Giraud-Hutchinson,Hutchinson,40,Midfielder,2024-2025
222018,275,Ben,Johnson,Johnson,40,Defender,2024-2025
106606,277,Massimo,Luongo,Luongo,40,Midfielder,2024-2025
246265,279,Corrie,Ndaba,Ndaba,40,Defender,2024-2025
231899,281,Jack,Taylor,Taylor,40,Midfielder,2024-2025
180804,282,Axel,Tuanzebe,Tuanzebe,40,Defender,2024-2025
108813,283,Christian,Walton,Walton,40,Goalkeeper,2024-2025
220583,284,Luke,Woolfenden,Woolfenden,40,Defender,2024-2025
232917,568,Arijanet,Muric,Muric,40,Goalkeeper,2024-2025
481624,569,Jaden,Philogene,Jaden,40,Midfielder,2024-2025
108053,583,Conor,Townsend,Townsend,40,Defender,2024-2025
172453,611,Sam,Szmodics,Szmodics,40,Midfielder,2024-2025
454667,619,Jens,Cajuste,Cajuste,40,Midfielder,2024-2025
216616,630,Dara,O'Shea,O'Shea,40,Defender,2024-2025
443261,631,Jack,Clarke,J.Clarke,40,Midfielder,2024-2025
229164,632,Chiedozie,Ogbene,Ogbene,40,Midfielder,2024-2025
198826,715,Ben,Godfrey,Godfrey,40,Defender,2024-2025
100047417,743,Kieran,McKenna,McKenna,40,Unknown,2024-2025
112520,764,Alex,Palmer,Palmer,40,Goalkeeper,2024-2025
547693,799,Somto,Boniface,Boniface,40,Defender,2024-2025
592712,800,Tom,Taylor,Tom Taylor,40,Midfielder,2024-2025
536916,117,Facundo,Buonanotte,Buonanotte,13,Midfielder,2024-2025
80146,192,Jordan,Ayew,J.Ayew,13,Midfielder,2024-2025
199670,198,Odsonne,Edouard,Edouard,13,Forward,2024-2025
547801,678,Callum,Bates,Bates,11,Midfielder,2024-2025
174874,191,Joachim,Andersen,Andersen,54,Defender,2024-2025
490146,256,Jay,Stansfield,Stansfield,54,Forward,2024-2025
167074,257,Kenny,Tete,Tete,54,Defender,2024-2025
517178,261,Elkan,Baggott,Baggott,40,Defender,2024-2025
196411,265,Conor,Chaplin,Chaplin,40,Midfielder,2024-2025
232228,266,Harry,Clarke,H.Clarke,40,Defender,2024-2025
455084,267,Leif,Davis,Davis,40,Defender,2024-2025
463034,268,Liam,Delap,Delap,40,Forward,2024-2025
449429,270,Jacob,Greaves,Greaves,40,Defender,2024-2025
167191,271,Marcus,Myers-Harness,Harness,40,Midfielder,2024-2025
94926,276,Freddie,Ladapo,Ladapo,40,Forward,2024-2025
74944,278,Sam,Morsy,Morsy,40,Midfielder,2024-2025
434044,280,Cieran,Slicker,Slicker,40,Goalkeeper,2024-2025
155405,359,Kalvin,Phillips,Phillips,40,Midfielder,2024-2025
225902,285,Boubakary,Soumaré,B.Soumaré,13,Midfielder,2024-2025
461416,286,Tom,Cannon,Cannon,13,Forward,2024-2025
197469,287,Hamza,Choudhury,Choudhury,13,Midfielder,2024-2025
94147,288,Conor,Coady,Coady,13,Defender,2024-2025
245419,289,Patson,Daka,Daka,13,Forward,2024-2025
96994,290,Bobby,De Cordova-Reid,De Cordova-Reid,13,Midfielder,2024-2025
218218,291,Wout,Faes,Faes,13,Defender,2024-2025
549640,292,Michael,Golding,Golding,13,Midfielder,2024-2025
467189,293,Mads,Hermansen,Hermansen,13,Goalkeeper,2024-2025
207270,294,Daniel,Iversen,Iversen,13,Goalkeeper,2024-2025
220627,295,James,Justin,Justin,13,Defender,2024-2025
481510,296,Victor,Kristiansen,Kristiansen,13,Defender,2024-2025
461584,297,Wanya,Marçal-Madivádua,Marcal,13,Midfielder,2024-2025
154048,298,Stephy,Mavididi,Mavididi,13,Midfielder,2024-2025
461587,299,Kasey,McAteer,McAteer,13,Midfielder,2024-2025
203341,300,Wilfred,Ndidi,Ndidi,13,Midfielder,2024-2025
473341,301,Caleb,Okoli,Okoli,13,Defender,2024-2025
111931,302,Ricardo,Barbosa Pereira,Ricardo,13,Defender,2024-2025
194190,303,Harry,Souttar,Souttar,13,Defender,2024-2025
436680,304,Jakub,Stolarczyk,Stolarczyk,13,Goalkeeper,2024-2025
244619,305,Luke,Thomas,Thomas,13,Defender,2024-2025
101668,306,Jamie,Vardy,Vardy,13,Forward,2024-2025
93100,307,Jannik,Vestergaard,Vestergaard,13,Defender,2024-2025
95463,308,Danny,Ward,Ward,13,Goalkeeper,2024-2025
157668,309,Harry,Winks,Winks,13,Midfielder,2024-2025
209042,501,Oliver,Skipp,Skipp,13,Midfielder,2024-2025
531442,570,Abdul,Fatawu,A.Fatawu,13,Midfielder,2024-2025
532534,606,Will,Alves,Alves,13,Midfielder,2024-2025
501770,616,Ben,Nelson,Nelson,13,Defender,2024-2025
513527,635,Bilal,El Khannouss,El Khannouss,13,Midfielder,2024-2025
531997,694,Henry,Cartwright,Cartwright,13,Midfielder,2024-2025
532535,708,Thomas,Wilson-Brown,Wilson-Brown,13,Defender,2024-2025
488439,726,Woyo,Coulibaly,Coulibaly,13,Defender,2024-2025
100050995,754,Ruud,van Nistelrooij,Van Nistelrooy,13,Unknown,2024-2025
649208,792,Jeremy,Monga,Monga,13,Midfielder,2024-2025
619146,796,Olabade,Aluko,Olabade Aluko,13,Defender,2024-2025
630664,797,Jake,Evans,Jake Evans,13,Midfielder,2024-2025
519223,802,Sammy,Braybrooke,Braybrooke,13,Midfielder,2024-2025
116535,310,Alisson,Ramses Becker,A.Becker,14,Goalkeeper,2024-2025
169187,311,Trent,Alexander-Arnold,Alexander-Arnold,14,Defender,2024-2025
535928,312,Stefan,Bajčetić Maquieira,Bajcetic,14,Midfielder,2024-2025
492777,313,Conor,Bradley,Bradley,14,Defender,2024-2025
491970,315,Bobby,Clark,Clark,14,Midfielder,2024-2025
447203,316,Darwin,Núñez Ribeiro,Darwin,14,Forward,2024-2025
194634,317,Diogo,Teixeira da Silva,Diogo J.,14,Midfielder,2024-2025
444884,319,Harvey,Elliott,Elliott,14,Midfielder,2024-2025
158983,320,Endo,Wataru,Endo,14,Midfielder,2024-2025
243298,321,Cody,Gakpo,Gakpo,14,Forward,2024-2025
171287,322,Joe,Gomez,Gomez,14,Defender,2024-2025
441266,323,Ryan,Gravenberch,Gravenberch,14,Midfielder,2024-2025
206915,324,Curtis,Jones,Jones,14,Midfielder,2024-2025
200720,325,Caoimhin,Kelleher,Kelleher,14,Goalkeeper,2024-2025
204716,326,Ibrahima,Konaté,Konaté,14,Defender,2024-2025
244731,327,Luis,Díaz,Luis Díaz,14,Midfielder,2024-2025
118748,328,Mohamed,Salah,M.Salah,14,Midfielder,2024-2025
243016,329,Alexis,Mac Allister,Mac Allister,14,Midfielder,2024-2025
491501,330,James,McConnell,McConnell,14,Midfielder,2024-2025
440148,331,Tyler,Morton,Morton,14,Midfielder,2024-2025
122798,335,Andrew,Robertson,Robertson,14,Defender,2024-2025
424876,336,Dominik,Szoboszlai,Szoboszlai,14,Midfielder,2024-2025
214285,337,Konstantinos,Tsimikas,Tsimikas,14,Defender,2024-2025
97032,339,Virgil,van Dijk,Virgil,14,Defender,2024-2025
223541,636,Federico,Chiesa,Chiesa,14,Midfielder,2024-2025
432987,660,Vítezslav,Jaros,Jaros,14,Goalkeeper,2024-2025
464353,669,Harvey,Davies,Davies,14,Goalkeeper,2024-2025
591386,688,Treymaurice,Nyoni,Nyoni,14,Midfielder,2024-2025
611926,692,Amara,Nallo,Nallo,14,Defender,2024-2025
500058,709,Jayden,Danns,Danns,14,Forward,2024-2025
100052173,744,Arne,Slot,Slot,14,Unknown,2024-2025
165809,342,Bernardo,Veiga de Carvalho e Silva,Bernardo,43,Midfielder,2024-2025
17601,344,Scott,Carson,Carson,43,Goalkeeper,2024-2025
496208,318,Ben,Doak,Doak,14,Midfielder,2024-2025
197464,332,Nathaniel,Phillips,N.Phillips,14,Defender,2024-2025
441428,333,Jarell,Quansah,Quansah,14,Defender,2024-2025
219937,334,Rhys,Williams,R.Williams,14,Defender,2024-2025
211975,340,Manuel,Akanji,Akanji,43,Defender,2024-2025
126184,341,Nathan,Aké,Aké,43,Defender,2024-2025
477555,343,Oscar,Bobb,Bobb,43,Midfielder,2024-2025
61366,345,Kevin,De Bruyne,De Bruyne,43,Midfielder,2024-2025
248875,346,Jérémy,Doku,Doku,43,Midfielder,2024-2025
121160,347,Ederson,Santana de Moraes,Ederson M.,43,Goalkeeper,2024-2025
209244,348,Phil,Foden,Foden,43,Midfielder,2024-2025
114283,349,Jack,Grealish,Grealish,43,Midfielder,2024-2025
477424,350,Joško,Gvardiol,Gvardiol,43,Defender,2024-2025
223094,351,Erling,Haaland,Haaland,43,Forward,2024-2025
461358,352,Julián,Álvarez,J.Alvarez,43,Forward,2024-2025
121145,353,João,Cavaco Cancelo,João Cancelo,43,Defender,2024-2025
91651,354,Mateo,Kovačić,Kovačić,43,Midfielder,2024-2025
477064,355,Rico,Lewis,Lewis,43,Defender,2024-2025
465351,356,Matheus Luiz,Nunes,Matheus N.,43,Midfielder,2024-2025
432714,357,James,McAtee,McAtee,43,Midfielder,2024-2025
88248,358,Stefan,Ortega Moreno,Ortega Moreno,43,Goalkeeper,2024-2025
220566,360,Rodrigo 'Rodri',Hernandez,Rodrigo,43,Midfielder,2024-2025
171314,361,Rúben,Gato Alves Dias,Rúben,43,Defender,2024-2025
97299,362,John,Stones,Stones,43,Defender,2024-2025
58621,363,Kyle,Walker,Walker,43,Defender,2024-2025
510281,571,Sávio 'Savinho',Moreira de Oliveira,Savinho,43,Midfielder,2024-2025
472769,607,Nico,O'Reilly,O’Reilly,43,Midfielder,2024-2025
59859,625,Ilkay,Gündogan,Gündogan,43,Midfielder,2024-2025
476369,626,Issa,Kaboré,Kaboré,43,Defender,2024-2025
516250,671,Jacob,Wright,Wright,43,Midfielder,2024-2025
554194,672,Jahmai,Simpson-Pusey,Simpson-Pusey,43,Defender,2024-2025
447880,675,Josh,Wilson-Esbrand,Wilson-Esbrand,43,Defender,2024-2025
487837,698,Divin,Mubama,Mubama,43,Forward,2024-2025
494307,703,Max,Alleyne,Alleyne,43,Defender,2024-2025
613120,704,Spike,Brits,Brits,43,Goalkeeper,2024-2025
578153,732,Abdukodir,Khusanov,Khusanov,43,Defender,2024-2025
616222,733,Vitor,de Oliveira Nunes dos Reis,Vitor Reis,43,Defender,2024-2025
100037973,736,Pep,Guardiola,Guardiola,43,Unknown,2024-2025
438234,755,Omar,Marmoush,Marmoush,43,Forward,2024-2025
465694,765,Nico,González,N.Gonzalez,43,Midfielder,2024-2025
575204,785,Claudio,Echeverri,Echeverri,43,Midfielder,2024-2025
493250,364,Amad,Diallo,Amad,1,Midfielder,2024-2025
467169,365,Antony Matheus,dos Santos,Antony,1,Midfielder,2024-2025
141746,366,Bruno,Borges Fernandes,B.Fernandes,1,Midfielder,2024-2025
451302,367,Altay,Bayindir,Bayindir,1,Goalkeeper,2024-2025
61256,368,Carlos Henrique,Casimiro,Casemiro,1,Midfielder,2024-2025
216051,369,Diogo,Dalot Teixeira,Dalot,1,Defender,2024-2025
80607,370,Christian,Eriksen,Eriksen,1,Midfielder,2024-2025
37642,371,Jonny,Evans,Evans,1,Defender,2024-2025
493105,372,Alejandro,Garnacho,Garnacho,1,Midfielder,2024-2025
465527,373,Hannibal,Mejbri,Hannibal,1,Midfielder,2024-2025
21205,374,Tom,Heaton,Heaton,1,Goalkeeper,2024-2025
497894,375,Rasmus,Højlund,Højlund,1,Forward,2024-2025
184667,376,Victor,Lindelöf,Lindelof,1,Defender,2024-2025
95658,377,Harry,Maguire,Maguire,1,Defender,2024-2025
516895,378,Kobbie,Mainoo,Mainoo,1,Midfielder,2024-2025
222690,379,Tyrell,Malacia,Malacia,1,Defender,2024-2025
221820,380,Lisandro,Martínez,Martinez,1,Defender,2024-2025
195851,381,Scott,McTominay,McTominay,1,Midfielder,2024-2025
184341,382,Mason,Mount,Mount,1,Midfielder,2024-2025
202641,383,André,Onana,Onana,1,Goalkeeper,2024-2025
488404,384,Facundo,Pellistri Rebollo,Pellistri,1,Midfielder,2024-2025
106760,387,Luke,Shaw,Shaw,1,Defender,2024-2025
458249,389,Joshua,Zirkzee,Zirkzee,1,Forward,2024-2025
550864,572,Leny,Yoro,Yoro,1,Defender,2024-2025
209365,593,Matthijs,de Ligt,De Ligt,1,Defender,2024-2025
230001,594,Noussair,Mazraoui,Mazraoui,1,Defender,2024-2025
490881,613,Toby,Collyer,Collyer,1,Midfielder,2024-2025
575034,648,Ethan,Wheatley,Wheatley,1,Forward,2024-2025
232112,652,Manuel,Ugarte,Ugarte,1,Midfielder,2024-2025
606745,658,Ayden,Heaven,Heaven,1,Defender,2024-2025
547037,667,Jack,Fletcher,Fletcher,1,Midfielder,2024-2025
577974,670,Harry,Amass,Amass,1,Defender,2024-2025
556639,673,Jayce,Fitzgerald,Fitzgerald,1,Midfielder,2024-2025
576637,691,Godwill,Kukonki,Kukonki,1,Defender,2024-2025
100053636,745,Ruben Filipe,Marques Diogo Amorim,Amorim,1,Unknown,2024-2025
588555,761,Elyh,Harrison,Harrison,1,Goalkeeper,2024-2025
596777,766,Patrick,Dorgu,Dorgu,1,Defender,2024-2025
596047,776,Chido,Obi-Martin,Obi,1,Forward,2024-2025
230251,430,Emmanuel,Dennis,Dennis,17,Forward,2024-2025
502697,450,Carlos,Alcaraz Durán,Alcaraz,11,Midfielder,2024-2025
547676,777,Tyler,Fredricson,Fredricson,1,Defender,2024-2025
559684,778,Jack,Moorhouse,Moorhouse,1,Midfielder,2024-2025
618873,779,Sékou,Koné,Koné,1,Midfielder,2024-2025
439483,783,Hubert,Graczyk,Graczyk,1,Goalkeeper,2024-2025
461537,788,Dermot,Mee,Dermot Mee,1,Goalkeeper,2024-2025
545477,390,Alex,Murphy,A.Murphy,4,Defender,2024-2025
179018,391,Miguel,Almirón Rejala,Almirón,4,Midfielder,2024-2025
201666,392,Harvey,Barnes,Barnes,4,Midfielder,2024-2025
220237,393,Sven,Botman,Botman,4,Defender,2024-2025
208706,394,Bruno,Guimarães Rodriguez Moura,Bruno G.,4,Midfielder,2024-2025
78916,395,Dan,Burn,Burn,4,Defender,2024-2025
67089,396,Martin,Dúbravka,Dúbravka,4,Goalkeeper,2024-2025
232826,398,Anthony,Gordon,Gordon,4,Midfielder,2024-2025
487838,399,Lewis,Hall,Hall,4,Defender,2024-2025
153127,400,Isaac,Hayden,Hayden,4,Midfielder,2024-2025
219168,401,Alexander,Isak,Isak,4,Forward,2024-2025
114243,402,Jacob,Murphy,J.Murphy,4,Midfielder,2024-2025
180974,403,Joelinton Cássio,Apolinário de Lira,Joelinton,4,Midfielder,2024-2025
235530,404,Lloyd,Kelly,Kelly,4,Defender,2024-2025
111773,405,Emil,Krafth,Krafth,4,Defender,2024-2025
564510,406,Garang,Kuol,Kuol,4,Midfielder,2024-2025
101148,407,Jamaal,Lascelles,Lascelles,4,Defender,2024-2025
194799,408,Jamal,Lewis,Lewis,4,Defender,2024-2025
441191,409,Tino,Livramento,Livramento,4,Defender,2024-2025
180135,410,Sean,Longstaff,Longstaff,4,Midfielder,2024-2025
547719,411,Lewis,Miley,Miley,4,Midfielder,2024-2025
111452,412,Odysseas,Vlachodimos,Odysseas,4,Goalkeeper,2024-2025
98747,413,Nick,Pope,Pope,4,Goalkeeper,2024-2025
19236,414,John,Ruddy,Ruddy,4,Goalkeeper,2024-2025
119471,415,Fabian,Schär,Schär,4,Defender,2024-2025
169359,416,Matt,Targett,Targett,4,Defender,2024-2025
432422,417,Sandro,Tonali,Tonali,4,Midfielder,2024-2025
77794,418,Kieran,Trippier,Trippier,4,Defender,2024-2025
461484,419,Joe,White,White,4,Midfielder,2024-2025
200089,420,Joe,Willock,Willock,4,Midfielder,2024-2025
75115,421,Callum,Wilson,Wilson,4,Forward,2024-2025
578512,574,Miodrag,Pivaš,Pivas,4,Defender,2024-2025
538207,590,William,Osula,Osula,4,Forward,2024-2025
100038215,746,Eddie,Howe,Howe,4,Unknown,2024-2025
599303,789,Sean,Neave,Neave,4,Forward,2024-2025
106468,26,Álex,Moreno Lopera,Alex Moreno,17,Defender,2024-2025
159506,422,Ola,Aina,Aina,17,Defender,2024-2025
215379,423,Elliot,Anderson,Anderson,17,Midfielder,2024-2025
210156,424,Taiwo,Awoniyi,Awoniyi,17,Forward,2024-2025
90585,425,Willy,Boly,Boly,17,Defender,2024-2025
245830,426,Josh,Bowler,Bowler,17,Midfielder,2024-2025
475123,427,Carlos Miguel,dos Santos Pereira,C.Miguel,17,Goalkeeper,2024-2025
569014,428,Eric,da Silva Moreira,Da Silva Moreira,17,Midfielder,2024-2025
513046,429,Danilo,dos Santos de Oliveira,Danilo,17,Midfielder,2024-2025
250199,431,Nicolás,Domínguez,Dominguez,17,Midfielder,2024-2025
449434,432,Anthony,Elanga,Elanga,17,Midfielder,2024-2025
222531,433,Morgan,Gibbs-White,Gibbs-White,17,Midfielder,2024-2025
209046,434,Callum,Hudson-Odoi,Hudson-Odoi,17,Midfielder,2024-2025
244930,435,Alex,Mighten,Mighten,17,Midfielder,2024-2025
575476,436,Murillo,Santiago Costa dos Santos,Murillo,17,Defender,2024-2025
215136,437,Neco,Williams,N.Williams,17,Defender,2024-2025
204822,438,Omar,Richards,O.Richards,17,Defender,2024-2025
243345,439,Lewis,O'Brien,O'Brien,17,Midfielder,2024-2025
466404,440,Andrew,Omobamidele,Omobamidele,17,Defender,2024-2025
209035,441,Jonathan,Panzo,Panzo,17,Defender,2024-2025
210462,442,Ibrahim,Sangaré,Sangaré,17,Midfielder,2024-2025
85633,443,Matz,Sels,Sels,17,Goalkeeper,2024-2025
114241,444,Harry,Toffolo,Toffolo,17,Defender,2024-2025
201440,446,Hwang,Ui-jo,Ui-jo,17,Forward,2024-2025
60689,447,Chris,Wood,Wood,17,Forward,2024-2025
208912,448,Joe,Worrall,Worrall,17,Defender,2024-2025
204968,449,Ryan,Yates,Yates,17,Midfielder,2024-2025
227444,573,Nikola,Milenković,Milenković,17,Defender,2024-2025
510500,596,João Pedro,Ferreira Silva,Jota Silva,17,Midfielder,2024-2025
502222,620,Ramón,Sosa,Sosa,17,Midfielder,2024-2025
485047,653,Felipe,Rodrigues da Silva,Morato,17,Defender,2024-2025
549067,706,Zach,Abbott,Abbott,17,Defender,2024-2025
20066,721,Wayne,Hennessey,Hennessey,17,Goalkeeper,2024-2025
100041808,747,Nuno Herlander,Simões Espírito Santo,Nuno,17,Unknown,2024-2025
225321,14,Aaron,Ramsdale,Ramsdale,20,Goalkeeper,2024-2025
433979,27,Cameron,Archer,Archer,20,Forward,2024-2025
503714,188,Lesley,Ugochukwu,Ugochukwu,20,Midfielder,2024-2025
90105,397,Ryan,Fraser,Fraser,20,Midfielder,2024-2025
499724,451,Samuel,Amo-Ameyaw,Amo-Ameyaw,20,Midfielder,2024-2025
193204,452,Joe,Aribo,Aribo,20,Midfielder,2024-2025
155511,453,Adam,Armstrong,Armstrong,20,Forward,2024-2025
456350,454,Gavin,Bazunu,Bazunu,20,Goalkeeper,2024-2025
171771,455,Jan,Bednarek,Bednarek,20,Defender,2024-2025
477386,456,Armel,Bella-Kotchap,Bella-Kotchap,20,Defender,2024-2025
184386,457,James,Bree,Bree,20,Defender,2024-2025
463210,458,Shea,Charles,Charles,20,Midfielder,2024-2025
490503,459,Samuel,Edozie,Edozie,20,Midfielder,2024-2025
500926,460,Ronnie,Edwards,Edwards,20,Defender,2024-2025
245719,461,Taylor,Harwood-Bellis,Harwood-Bellis,20,Defender,2024-2025
504783,462,Kamaldeen,Sulemana,Kamaldeen,20,Midfielder,2024-2025
39155,463,Adam,Lallana,Lallana,20,Midfielder,2024-2025
515571,464,Juan,Larios López,Larios,20,Defender,2024-2025
200428,465,Mateusz,Lis,Lis,20,Goalkeeper,2024-2025
167888,466,Joe,Lumley,Lumley,20,Goalkeeper,2024-2025
204863,467,Ryan,Manning,Manning,20,Defender,2024-2025
476888,468,Sékou,Mara,Mara,20,Forward,2024-2025
58376,469,Alex,McCarthy,McCarthy,20,Goalkeeper,2024-2025
147611,470,Paul,Onuachu,Onuachu,20,Forward,2024-2025
214466,471,Will,Smallbone,Smallbone,20,Midfielder,2024-2025
88900,472,Jack,Stephens,Stephens,20,Defender,2024-2025
230348,473,Ross,Stewart,Stewart,20,Forward,2024-2025
219279,474,Sugawara,Yukinari,Sugawara,20,Defender,2024-2025
103914,475,Charlie,Taylor,Taylor,20,Defender,2024-2025
158534,476,Kyle,Walker-Peters,Walker-Peters,20,Defender,2024-2025
244845,477,Nathan,Wood-Gordon,Wood,20,Defender,2024-2025
149519,515,Maxwel,Cornet,Cornet,20,Midfielder,2024-2025
220585,518,Flynn,Downes,Downes,20,Midfielder,2024-2025
204814,584,Ben,Brereton Díaz,Brereton Díaz,20,Midfielder,2024-2025
496661,608,Tyler,Dibling,Dibling,20,Midfielder,2024-2025
551226,623,Mateus Gonçalo,Espanha Fernandes,M.Fernandes,20,Midfielder,2024-2025
545508,693,Joseph,O'Brien-Whitmarsh,O'Brien-Whitmarsh,20,Midfielder,2024-2025
500016,718,Welington Damascena,Santos,Welington,20,Defender,2024-2025
620408,719,Joachim,Kayi-Sanda,Kayi Sanda,20,Defender,2024-2025
494779,734,Albert,Grønbæk,Grønbæk,20,Midfielder,2024-2025
100047426,748,Simon,Rusk,Rusk,20,Unknown,2024-2025
495024,798,Jay,Robinson,Jay Robinson,20,Forward,2024-2025
494551,804,Jayden,Moore,Moore,20,Defender,2024-2025
154566,82,Dominic,Solanke-Mitchell,Solanke,6,Forward,2024-2025
548308,478,Ashley,Phillips,A.Phillips,6,Defender,2024-2025
214572,479,Brandon,Austin,Austin,6,Goalkeeper,2024-2025
202993,480,Rodrigo,Bentancur,Bentancur,6,Midfielder,2024-2025
570526,481,Lucas,Bergvall,Bergvall,6,Midfielder,2024-2025
227127,482,Yves,Bissouma,Bissouma,6,Midfielder,2024-2025
436234,483,Bryan,Gil Salvatierra,Bryan,6,Midfielder,2024-2025
115556,484,Ben,Davies,Davies,6,Defender,2024-2025
496179,485,Alfie,Devine,Devine,6,Midfielder,2024-2025
493125,486,Radu,Drăgușin,Dragusin,6,Defender,2024-2025
241157,487,Emerson,Leite de Souza Junior,E.Royal,6,Defender,2024-2025
40383,488,Fraser,Forster,Forster,6,Goalkeeper,2024-2025
547701,489,Archie,Gray,Gray,6,Midfielder,2024-2025
132015,490,Pierre-Emile,Højbjerg,Højbjerg,6,Midfielder,2024-2025
242898,491,Brennan,Johnson,Johnson,6,Midfielder,2024-2025
445044,492,Dejan,Kulusevski,Kulusevski,6,Midfielder,2024-2025
200826,493,Giovani,Lo Celso,Lo Celso,6,Midfielder,2024-2025
172780,494,James,Maddison,Maddison,6,Midfielder,2024-2025
441164,495,Pedro,Porro,Pedro Porro,6,Defender,2024-2025
199249,496,Sergio,Reguilón,Reguilón,6,Defender,2024-2025
212319,497,Richarlison,de Andrade,Richarlison,6,Forward,2024-2025
221632,498,Cristian,Romero,Romero,6,Defender,2024-2025
482442,499,Pape Matar,Sarr,P.M.Sarr,6,Midfielder,2024-2025
490145,500,Dane,Scarlett,Scarlett,6,Forward,2024-2025
235674,502,Manor,Solomon,Solomon,6,Midfielder,2024-2025
85971,503,Son,Heung-min,Son,6,Midfielder,2024-2025
232859,504,Djed,Spence,Spence,6,Defender,2024-2025
487053,505,Destiny,Udogie,Udogie,6,Defender,2024-2025
491279,506,Micky,van de Ven,Van de Ven,6,Defender,2024-2025
536908,507,Alejo,Véliz,Veliz,6,Forward,2024-2025
184254,508,Guglielmo,Vicario,Vicario,6,Goalkeeper,2024-2025
165153,509,Timo,Werner,Werner,6,Midfielder,2024-2025
175941,510,Alfie,Whiteman,Whiteman,6,Goalkeeper,2024-2025
552427,609,Will,Lankshear,Lankshear,6,Forward,2024-2025
499721,610,Mikey,Moore,Moore,6,Midfielder,2024-2025
550839,612,Wilson,Odobert,Odobert,6,Midfielder,2024-2025
499726,683,Callum,Olusesi,Olusesi,6,Midfielder,2024-2025
611920,684,Malachi,Hardy,Hardy,6,Defender,2024-2025
611917,689,Luca,Williams-Barnett,Williams-Barnett,6,Midfielder,2024-2025
519321,699,Alfie,Dorrington,Dorrington,6,Defender,2024-2025
592736,700,Maeson,King,King,6,Defender,2024-2025
485055,716,Antonín,Kinsky,Kinsky,6,Goalkeeper,2024-2025
623095,717,Min-Hyeok,Yang,Yang,6,Midfielder,2024-2025
574799,729,Damola,Ajayi,Ajayi,6,Midfielder,2024-2025
100041880,749,Ange,Postecoglou,Postecoglou,6,Unknown,2024-2025
501620,760,Dante,Cassanova,Cassanova,6,Defender,2024-2025
135720,767,Kevin,Danso,Danso,6,Defender,2024-2025
511499,768,Mathys,Tel,Tel,6,Midfielder,2024-2025
487117,123,Evan,Ferguson,Ferguson,21,Forward,2024-2025
214590,388,Aaron,Wan-Bissaka,Wan-Bissaka,21,Defender,2024-2025
213999,511,Edson,Álvarez Velázquez,Álvarez,21,Midfielder,2024-2025
57531,512,Michail,Antonio,Antonio,21,Forward,2024-2025
84182,513,Alphonse,Areola,Areola,21,Goalkeeper,2024-2025
178186,514,Jarrod,Bowen,Bowen,21,Midfielder,2024-2025
164555,516,Vladimír,Coufal,Coufal,21,Defender,2024-2025
55459,517,Aaron,Cresswell,Cresswell,21,Defender,2024-2025
490885,519,George,Earthy,Earthy,21,Midfielder,2024-2025
109533,520,Emerson,Palmieri dos Santos,Emerson,21,Defender,2024-2025
37096,521,Łukasz,Fabiański,Fabianski,21,Goalkeeper,2024-2025
82143,522,Wes,Foderingham,Foderingham,21,Goalkeeper,2024-2025
84939,523,Danny,Ings,Ings,21,Forward,2024-2025
214048,524,Max,Kilman,Kilman,21,Defender,2024-2025
460842,525,Mohammed,Kudus,Kudus,21,Midfielder,2024-2025
577114,526,Luis Guilherme,Lira dos Santos,L.Guilherme,21,Midfielder,2024-2025
224024,527,Lucas,Tolentino Coelho de Lima,L.Paquetá,21,Midfielder,2024-2025
233963,528,Konstantinos,Mavropanos,Mavropanos,21,Defender,2024-2025
210494,529,Nayef,Aguerd,N.Aguerd,21,Defender,2024-2025
215439,530,Tomáš,Souček,Souček,21,Midfielder,2024-2025
101178,531,James,Ward-Prowse,Ward-Prowse,21,Midfielder,2024-2025
103192,532,Kurt,Zouma,Zouma,21,Defender,2024-2025
229384,576,Andy,Irving,Irving,21,Midfielder,2024-2025
450070,587,Crysencio,Summerville,Summerville,21,Midfielder,2024-2025
197024,588,Guido,Rodríguez,G.Rodríguez,21,Midfielder,2024-2025
91889,589,Niclas,Füllkrug,Füllkrug,21,Forward,2024-2025
462116,591,Jean-Clair,Todibo,Todibo,21,Defender,2024-2025
518438,643,Kaelan,Casey,Casey,21,Defender,2024-2025
224860,654,Carlos,Soler,C.Soler,21,Midfielder,2024-2025
536109,677,Ollie,Scarles,Scarles,21,Defender,2024-2025
602903,686,Ezra,Mayers,Mayers,21,Defender,2024-2025
518442,701,Lewis,Orford,Orford,21,Midfielder,2024-2025
100046435,750,Graham,Potter,Potter,21,Unknown,2024-2025
101982,204,Sam,Johnstone,Johnstone,39,Goalkeeper,2024-2025
448514,533,Rayan,Aït-Nouri,Aït-Nouri,39,Defender,2024-2025
476502,534,Boubacar,Traoré,B.Traore,39,Midfielder,2024-2025
231057,535,Jean-Ricner,Bellegarde,Bellegarde,39,Midfielder,2024-2025
79602,536,Daniel,Bentley,Bentley,39,Goalkeeper,2024-2025
510363,537,Francisco Jorge,Tomás Oliveira,Chiquinho,39,Midfielder,2024-2025
497606,538,Tawanda,Chirewa,Chirewa,39,Midfielder,2024-2025
589507,539,Leon,Chiwome,Chiwome,39,Forward,2024-2025
245923,540,Luke,Cundle,Cundle,39,Midfielder,2024-2025
430871,541,Matheus,Santos Carneiro Da Cunha,Cunha,39,Forward,2024-2025
60232,542,Craig,Dawson,Dawson,39,Defender,2024-2025
87835,543,Matt,Doherty,Doherty,39,Defender,2024-2025
220394,544,Tommy,Doyle,Doyle,39,Midfielder,2024-2025
449988,545,Fábio,Silva,Fábio Silva,39,Forward,2024-2025
531363,546,Nathan,Fraser,Fraser,39,Forward,2024-2025
593001,547,Enso,González,Gonzalez,39,Midfielder,2024-2025
181284,548,Gonçalo Manuel,Ganchinho Guedes,Guedes,39,Midfielder,2024-2025
490721,549,Hugo,Bueno López,H.Bueno,39,Defender,2024-2025
184754,550,Hwang,Hee-chan,Hee Chan,39,Midfielder,2024-2025
240299,551,Joe,Hodge,Hodge,39,Midfielder,2024-2025
441271,552,Ki-Jana,Hoever,Hoever,39,Defender,2024-2025
448089,553,João Victor,Gomes da Silva,J.Gomes,39,Midfielder,2024-2025
149065,554,José,Malheiro de Sá,José Sá,39,Goalkeeper,2024-2025
429414,555,Saša,Kalajdžić,Kalajdžić,39,Forward,2024-2025
138001,556,Tom,King,King,39,Goalkeeper,2024-2025
151086,557,Mario,Lemina,Mario Jr.,39,Midfielder,2024-2025
501837,558,Yerson,Mosquera,Mosquera,39,Defender,2024-2025
200402,559,Nélson,Cabral Semedo,N.Semedo,39,Defender,2024-2025
641221,561,Pedro,Cardoso de Lima,Pedro Lima,39,Defender,2024-2025
200600,562,Daniel,Castelo Podence,Podence,39,Midfielder,2024-2025
483081,563,Rodrigo,Martins Gomes,R.Gomes,39,Midfielder,2024-2025
231480,564,Santiago,Bueno,S.Bueno,39,Defender,2024-2025
88484,565,Pablo,Sarabia,Sarabia,39,Midfielder,2024-2025
247412,566,Jørgen,Strand Larsen,Strand Larsen,39,Forward,2024-2025
510362,567,Toti António,Gomes,Toti,39,Defender,2024-2025
560248,637,Bastien,Meupiyou,Meupiyou,39,Defender,2024-2025
509291,642,André,Trindade da Costa Neto,André,39,Midfielder,2024-2025
463212,655,Carlos Roberto,Forbs Borges,Forbs,39,Midfielder,2024-2025
517179,664,Alfie,Pond,Pond,39,Defender,2024-2025
596054,682,Tom,Edozie,Edozie,39,Midfielder,2024-2025
613467,711,Wes,Okoduwa,Okoduwa,39,Defender,2024-2025
516939,720,Emmanuel,Agbadou,Agbadou,39,Defender,2024-2025
100040854,751,Vítor Manuel,de Oliveira Lopes Pereira,Pereira,39,Unknown,2024-2025
531170,769,Nasser,Djiga,Djiga,39,Defender,2024-2025
433312,770,Marshall,Munetsi,Munetsi,39,Midfielder,2024-2025
647671,784,Mateus,Mané,Mané,39,Forward,2024-2025
232413,266,Eberechi,Eze,Eze,3,Midfielder,2025-2026
500040,662,Cristhian,Mosquera,Mosquera,3,Defender,2025-2026
448104,725,Piero,Hincapié,Hincapie,3,Defender,2025-2026
616065,759,Marli,Salmon,Salmon,3,Defender,2025-2026
645618,702,Bradley,Burrowes,Burrowes,7,Midfielder,2025-2026
184667,719,Victor,Lindelöf,Lindelöf,7,Defender,2025-2026
577285,754,George,Hemmings,George Hemmings,7,Midfielder,2025-2026
516875,757,Ronnie,Hollingshead,Hollingshead,7,Goalkeeper,2025-2026
224117,666,Viktor,Gyökeres,Gyökeres,3,Forward,2025-2026
616077,700,Max,Dowman,Dowman,3,Midfielder,2025-2026
646243,711,Andre,Harriman-Annous,Harriman-Annous,3,Midfielder,2025-2026
444884,389,Harvey,Elliott,Elliott,7,Midfielder,2025-2026
569577,701,Triston,Rowe,Rowe,7,Defender,2025-2026
664015,768,Leon,Routh,Leon Routh,7,Defender,2025-2026
618027,781,TJ,Carroll,Carroll,7,Defender,2025-2026
653481,792,Alysson Edward Franco,da Rocha dos Santos,Alysson,7,Midfielder,2025-2026
173879,808,Tammy,Abraham,Abraham,7,Forward,2025-2026
216055,722,Florentino Ibrain,Morris Luís,Florentino,90,Midfielder,2025-2026
647960,776,Oliver,Pimlott,Pimlott,90,Midfielder,2025-2026
644593,820,Kian,McMahon-Brown,McMahon-Brown,90,Midfielder,2025-2026
591357,134,Ryan,Trevitt,Trevitt,94,Midfielder,2025-2026
209243,456,Jadon,Sancho,Sancho,7,Midfielder,2025-2026
481283,688,James,Wright,Wright,7,Goalkeeper,2025-2026
564505,703,Sam,Proctor,Proctor,7,Goalkeeper,2025-2026
534836,710,Travis,Patterson,Patterson,7,Defender,2025-2026
469272,210,Loum,Tchaouna,Tchaouna,90,Midfielder,2025-2026
704232,784,George,Brierley,Brierley,90,Midfielder,2025-2026
444172,68,Will,Dennis,Dennis,91,Goalkeeper,2025-2026
441240,92,Romain,Faivre,Faivre,91,Midfielder,2025-2026
560262,100,Junior,Kroupi,Kroupi.Jr,91,Forward,2025-2026
678552,756,Malcom,DaCosta,DaCosta,91,Midfielder,2025-2026
40383,782,Fraser,Forster,Forster,91,Goalkeeper,2025-2026
658013,799,Charlie,Stevens,Stevens,91,Midfielder,2025-2026
614574,801,Alex,Tóth,Tóth.A,91,Midfielder,2025-2026
436416,806,Christos,Mandas,Mandas,91,Goalkeeper,2025-2026
499604,807,Rayan Vitor,Simplício Rocha,Rayan,91,Midfielder,2025-2026
507433,105,Hákon Rafn,Valdimarsson,Valdimarsson,94,Goalkeeper,2025-2026
249231,107,Keane,Lewis-Potter,Lewis-Potter,94,Defender,2025-2026
191866,108,Kristoffer,Ajer,Ajer,94,Defender,2025-2026
607464,110,Michael,Kayode,Kayode,94,Defender,2025-2026
231065,111,Ethan,Pinnock,Pinnock,94,Defender,2025-2026
226956,112,Mads,Roerslev Rasmussen,Roerslev,94,Defender,2025-2026
444765,113,Sepp,van den Berg,Van den Berg,94,Defender,2025-2026
622536,114,Benjamin,Arthur,Arthur,94,Defender,2025-2026
612534,115,Benjamin,Fredrick,Fredrick,94,Defender,2025-2026
472713,116,Aaron,Hickey,Hickey,94,Defender,2025-2026
570241,117,Kim,Ji-soo,Ji-soo,94,Defender,2025-2026
499717,118,Jayden,Meghoma,Meghoma,94,Defender,2025-2026
440089,121,Mikkel,Damsgaard,Damsgaard,94,Midfielder,2025-2026
543295,122,Antoni,Milambo,Milambo,94,Midfielder,2025-2026
244858,123,Fábio,Freitas Gouveia Carvalho,Carvalho,94,Midfielder,2025-2026
56979,124,Jordan,Henderson,Henderson,94,Midfielder,2025-2026
204580,125,Vitaly,Janelt,Janelt,94,Midfielder,2025-2026
207283,126,Mathias,Jensen,Jensen,94,Midfielder,2025-2026
428580,128,Frank,Onyeka,Onyeka,94,Midfielder,2025-2026
508395,129,Yehor,Yarmoliuk,Yarmoliuk,94,Midfielder,2025-2026
606689,130,Romelle,Donovan,Donovan,94,Midfielder,2025-2026
628204,131,Yunus Emre,Konak,Konak,94,Midfielder,2025-2026
220695,132,Paris,Maghoma,Maghoma,94,Midfielder,2025-2026
502500,136,Igor Thiago,Nascimento Rodrigues,Thiago,94,Forward,2025-2026
593174,797,Kaye,Furo,Furo,94,Forward,2025-2026
559610,810,Luka,Bentt,Bentt,94,Midfielder,2025-2026
494556,819,Ollie,Shield,Shield,94,Defender,2025-2026
649240,823,Joshua,Stephenson,Stephenson,94,Defender,2025-2026
587433,824,Conor,McManus,McManus,94,Defender,2025-2026
547671,826,Riley,Owen,Owen,94,Midfielder,2025-2026
49262,138,Jason,Steele,Steele,36,Goalkeeper,2025-2026
489639,139,Bart,Verbruggen,Verbruggen,36,Goalkeeper,2025-2026
209288,140,Tom,McGill,McGill,36,Goalkeeper,2025-2026
472739,141,Carl,Rushworth,Rushworth,36,Goalkeeper,2025-2026
180804,198,Axel,Tuanzebe,Tuanzebe,90,Defender,2025-2026
444180,200,Jaidon,Anthony,Anthony,90,Midfielder,2025-2026
179458,202,Jacob,Bruun Larsen,Bruun Larsen,90,Midfielder,2025-2026
174592,206,Marcus,Edwards,Edwards,90,Midfielder,2025-2026
465527,207,Hannibal,Mejbri,Hannibal,90,Midfielder,2025-2026
447715,211,Aaron,Ramsey,A.Ramsey,90,Midfielder,2025-2026
67089,470,Martin,Dúbravka,Dúbravka,90,Goalkeeper,2025-2026
503714,676,Lesley,Ugochukwu,Ugochukwu,90,Midfielder,2025-2026
440323,680,Armando,Broja,Broja,90,Forward,2025-2026
69752,66,Norberto,Murara Neto,Neto,91,Goalkeeper,2025-2026
568791,69,Callan,McKenna,McKenna,91,Goalkeeper,2025-2026
495145,70,Alex,Paulsen,Paulsen,91,Goalkeeper,2025-2026
477580,71,Illia,Zabarnyi,Zabarnyi,91,Defender,2025-2026
221466,72,Marcos,Senesi Barón,Senesi,91,Defender,2025-2026
54469,73,Adam,Smith,Smith,91,Defender,2025-2026
494521,74,Adrien,Truffert,Truffert,91,Defender,2025-2026
541462,75,Matai,Akinmboni,Akinmboni,91,Defender,2025-2026
518906,76,Owen,Bevan,Bevan,91,Defender,2025-2026
463981,77,James,Hill,Hill,91,Defender,2025-2026
436893,78,Julián,Araujo Zúñiga,J.Araujo,91,Defender,2025-2026
223911,79,Chris,Mepham,Mepham,91,Defender,2025-2026
575901,80,Julio,Soler Barreto,Soler,91,Defender,2025-2026
222683,81,Justin,Kluivert,Kluivert,91,Midfielder,2025-2026
201658,84,Marcus,Tavernier,Tavernier,91,Midfielder,2025-2026
200785,85,Tyler,Adams,Adams,91,Midfielder,2025-2026
111317,86,David,Brooks,Brooks,91,Midfielder,2025-2026
158499,87,Ryan,Christie,Christie,91,Midfielder,2025-2026
155408,88,Lewis,Cook,Cook,91,Midfielder,2025-2026
168991,89,Philip,Billing,Philip,91,Midfielder,2025-2026
503139,90,Alex,Scott,Scott,91,Midfielder,2025-2026
224995,91,Luis,Sinisterra Lucumí,Sinisterra,91,Midfielder,2025-2026
424044,93,Hamed,Traorè,H.Traorè,91,Midfielder,2025-2026
550596,94,Dominic,Sadi,Sadi,91,Midfielder,2025-2026
530121,95,Zain,Silcott-Duberry,Silcott-Duberry,91,Midfielder,2025-2026
606775,96,Ben,Winterburn,Winterburn,91,Midfielder,2025-2026
444102,97,Francisco Evanilson,de Lima Barbosa,Evanilson,91,Forward,2025-2026
168636,98,Enes,Ünal,Enes Ünal,91,Forward,2025-2026
242882,685,Bafodé,Diakité,Diakité,91,Defender,2025-2026
606774,687,Remy,Rees-Dottin,Rees-Dottin,91,Midfielder,2025-2026
489888,697,Amine,Adli,Adli,91,Midfielder,2025-2026
551483,713,Álex,Jiménez Sánchez,A.Jimenez,91,Defender,2025-2026
620487,721,Veljko,Milosavljevic,Milosavljević,91,Defender,2025-2026
533463,83,Dango,Ouattara,O.Dango,94,Midfielder,2025-2026
200720,101,Caoimhín,Kelleher,Kelleher,94,Goalkeeper,2025-2026
235448,102,Ellery,Balcombe,Balcombe,94,Goalkeeper,2025-2026
503300,103,Matthew,Cox,Cox,94,Goalkeeper,2025-2026
535017,104,Julian,Eyestone,Eyestone,94,Goalkeeper,2025-2026
450539,133,Myles,Peart-Harris,Peart-Harris,94,Midfielder,2025-2026
183656,748,Josh,Dasilva,Dasilva,94,Midfielder,2025-2026
240514,142,Kjell,Scherpen,Scherpen,36,Goalkeeper,2025-2026
587178,46,Yasin,Özcan,Yasin,7,Defender,2025-2026
244850,47,Morgan,Rogers,Rogers,7,Midfielder,2025-2026
166989,48,Youri,Tielemans,Tielemans,7,Midfielder,2025-2026
215711,49,Leon,Bailey,Bailey,7,Midfielder,2025-2026
195546,50,Emiliano,Buendía Stati,Buendía,7,Midfielder,2025-2026
469247,51,Samuel,Iling-Junior,Iling Jr,7,Midfielder,2025-2026
204646,53,Donyell,Malen,Malen,7,Midfielder,2025-2026
122806,54,John,McGinn,McGinn,7,Midfielder,2025-2026
88894,55,Ross,Barkley,Barkley,7,Midfielder,2025-2026
491287,56,Enzo,Barrenechea,Barrenechea,7,Midfielder,2025-2026
461421,57,Lewis,Dobbin,Dobbin,7,Midfielder,2025-2026
226944,58,Boubacar,Kamara,Kamara,7,Midfielder,2025-2026
449871,59,Amadou,Onana,Onana,7,Midfielder,2025-2026
577731,60,Ben,Broggio,Broggio,7,Midfielder,2025-2026
151589,61,Leander,Dendoncker,Dendoncker,7,Midfielder,2025-2026
559962,62,Jamaldeen,Jimoh-Aloba,Jimoh-Aloba,7,Midfielder,2025-2026
537403,63,Kadan,Young,Young,7,Midfielder,2025-2026
178301,64,Ollie,Watkins,Watkins,7,Forward,2025-2026
576756,65,Zépiqueno,Redmond,Redmond,7,Forward,2025-2026
518030,183,Max,Weiß,Weiss,90,Goalkeeper,2025-2026
489571,184,Etienne,Green,Green,90,Goalkeeper,2025-2026
51943,185,Václav,Hladký,Hladký,90,Goalkeeper,2025-2026
192290,186,Connor,Roberts,Roberts,90,Defender,2025-2026
58621,187,Kyle,Walker,Walker,90,Defender,2025-2026
247245,188,Hannes,Delcroix,Delcroix,90,Defender,2025-2026
461567,189,Owen,Dodgson,Dodgson,90,Defender,2025-2026
478969,190,Hjalmar,Ekdal,Ekdal,90,Defender,2025-2026
477717,191,Maxime,Estève,Estève,90,Defender,2025-2026
494960,192,Quilindschy,Hartman,Hartman,90,Defender,2025-2026
461188,193,Bashir,Humphreys,Humphreys,90,Defender,2025-2026
241231,194,Jordan,Beyer,Jordan,90,Defender,2025-2026
450072,196,Shurandy,Sambo,Sambo,90,Defender,2025-2026
519895,197,Oliver,Sonne,Sonne,90,Defender,2025-2026
208912,199,Joe,Worrall,Worrall,90,Defender,2025-2026
183751,201,Manuel,Benson Hedilazio,Benson,90,Midfielder,2025-2026
578614,203,Enock,Agyei,Boateng,90,Midfielder,2025-2026
250735,204,Darko,Churlinov,Churlinov,90,Midfielder,2025-2026
172567,205,Josh,Cullen,Cullen,90,Midfielder,2025-2026
487702,208,Luca,Koleosho,Koleosho,90,Midfielder,2025-2026
167887,209,Josh,Laurent,Laurent,90,Midfielder,2025-2026
576323,212,Oluwaseun,Adewumi,Adewumi,90,Midfielder,2025-2026
551206,213,Jaydon,Banel,Banel,90,Midfielder,2025-2026
437748,214,Mike,Trésor Ndayishimiye,Trésor,90,Midfielder,2025-2026
431639,215,Zian,Flemming,Flemming,90,Forward,2025-2026
492831,216,Zeki,Amdouni,Amdouni,90,Forward,2025-2026
435973,217,Lyle,Foster,Foster,90,Forward,2025-2026
44699,218,Ashley,Barnes,Barnes,90,Forward,2025-2026
220598,219,Michael,Obafemi,Obafemi,90,Forward,2025-2026
457569,67,Đorđe,Petrović,Petrović,91,Goalkeeper,2025-2026
204120,143,Olivier,Boscagli,Boscagli,36,Defender,2025-2026
550090,144,Diego,Coppola,Coppola,36,Defender,2025-2026
465730,145,Maxim,De Cuyper,De Cuyper,36,Defender,2025-2026
154561,1,David,Raya Martín,Raya,3,Goalkeeper,2025-2026
109745,2,Kepa,Arrizabalaga Revuelta,Arrizabalaga,3,Goalkeeper,2025-2026
463748,3,Karl,Hein,Hein,3,Goalkeeper,2025-2026
551221,4,Tommy,Setford,Setford,3,Goalkeeper,2025-2026
226597,5,Gabriel,dos Santos Magalhães,Gabriel,3,Defender,2025-2026
462424,6,William,Saliba,Saliba,3,Defender,2025-2026
466075,7,Riccardo,Calafiori,Calafiori,3,Defender,2025-2026
445122,8,Jurriën,Timber,J.Timber,3,Defender,2025-2026
440854,9,Jakub,Kiwior,Kiwior,3,Defender,2025-2026
499169,10,Myles,Lewis-Skelly,Lewis-Skelly,3,Defender,2025-2026
198869,11,Benjamin,White,White,3,Defender,2025-2026
563324,13,Brayden,Clarke,Clarke,3,Defender,2025-2026
588793,14,Maldini,Kacurri,Kacurri,3,Defender,2025-2026
499167,15,Josh,Nichols,Nichols,3,Defender,2025-2026
223340,16,Bukayo,Saka,Saka,3,Midfielder,2025-2026
184029,17,Martin,Ødegaard,Ødegaard,3,Midfielder,2025-2026
248857,18,Noni,Madueke,Madueke,3,Midfielder,2025-2026
444145,19,Gabriel,Martinelli Silva,Martinelli,3,Midfielder,2025-2026
116216,20,Leandro,Trossard,Trossard,3,Midfielder,2025-2026
204480,21,Declan,Rice,Rice,3,Midfielder,2025-2026
195384,22,Mikel,Merino Zazón,Merino,3,Midfielder,2025-2026
438098,23,Fábio,Ferreira Vieira,Fábio Vieira,3,Midfielder,2025-2026
128295,24,Christian,Nørgaard,Nørgaard,3,Midfielder,2025-2026
499175,25,Ethan,Nwaneri,Nwaneri,3,Midfielder,2025-2026
481655,26,Martín,Zubimendi Ibáñez,Zubimendi,3,Midfielder,2025-2026
588796,28,Ismeal,Kabia,Kabia,3,Midfielder,2025-2026
437742,29,Albert,Sambi Lokonga,Sambi,3,Midfielder,2025-2026
219847,30,Kai,Havertz,Havertz,3,Forward,2025-2026
205651,31,Gabriel,Fernando de Jesus,G.Jesus,3,Forward,2025-2026
98980,32,Emiliano,Martínez Romero,Martinez,7,Goalkeeper,2025-2026
72147,33,Marco,Bizot,M.Bizot,7,Goalkeeper,2025-2026
462492,34,Joe,Gauci,Gauci,7,Goalkeeper,2025-2026
462381,35,Filip,Marschall,Marschall,7,Goalkeeper,2025-2026
199796,36,Matty,Cash,Cash,7,Defender,2025-2026
101188,37,Lucas,Digne,Digne,7,Defender,2025-2026
199798,38,Ezri,Konsa Ngoyo,Konsa,7,Defender,2025-2026
441302,39,Ian,Maatsen,Maatsen,7,Defender,2025-2026
149484,40,Tyrone,Mings,Mings,7,Defender,2025-2026
244954,41,Pau,Torres,Pau,7,Defender,2025-2026
606798,42,Andrés,García,A.García,7,Defender,2025-2026
106468,43,Álex,Moreno Lopera,Alex Moreno,7,Defender,2025-2026
515597,44,Lamare,Bogarde,Bogarde,7,Defender,2025-2026
514315,45,Lino,da Cruz Sousa,Sousa,7,Defender,2025-2026
200641,27,Reiss,Nelson,Nelson,94,Midfielder,2025-2026
432830,106,Nathan,Collins,Collins,94,Defender,2025-2026
513418,120,Kevin,Schade,Schade,94,Midfielder,2025-2026
204214,147,Pervis,Estupiñán Tenorio,Estupiñan,36,Defender,2025-2026
231416,148,Ferdi,Kadıoğlu,F.Kadıoğlu,36,Defender,2025-2026
232792,150,Tariq,Lamptey,Lamptey,36,Defender,2025-2026
469142,151,Jan Paul,van Hecke,Van Hecke,36,Defender,2025-2026
111478,152,Joël,Veltman,Veltman,36,Defender,2025-2026
110735,153,Adam,Webster,Webster,36,Defender,2025-2026
439135,154,Eiran,Cashin,Cashin,36,Defender,2025-2026
589100,155,Jacob,Slater,Slater,36,Defender,2025-2026
549329,195,Lucas,Pires Silva,Lucas Pires,90,Defender,2025-2026
590760,99,Daniel,Adu-Adjei,Adu-Adjei,91,Forward,2025-2026
194010,109,Rico,Henry,Henry,94,Defender,2025-2026
626464,127,Gustavo,Nunes Fernandes Gomes,Nunes,94,Midfielder,2025-2026
533710,137,Iwan,Morgan,Morgan,94,Forward,2025-2026
83299,146,Lewis,Dunk,Dunk,36,Defender,2025-2026
547720,156,Charlie,Tasker,Tasker,36,Defender,2025-2026
451340,157,Mitoma,Kaoru,Mitoma,36,Midfielder,2025-2026
463067,158,Georginio,Rutter,Georginio,36,Midfielder,2025-2026
109345,159,Solly,March,March,36,Midfielder,2025-2026
592031,160,Yankuba,Minteh,Minteh,36,Midfielder,2025-2026
474120,161,Julio,Enciso Espínola,Enciso,36,Midfielder,2025-2026
513433,162,Brajan,Gruda,Gruda,36,Midfielder,2025-2026
532529,163,Jack,Hinshelwood,Hinshelwood,36,Midfielder,2025-2026
219249,164,Matt,O'Riley,O'Riley,36,Midfielder,2025-2026
516211,165,Abdallah,Sima,Sima,36,Midfielder,2025-2026
509416,166,Yasin,Ayari,Ayari,36,Midfielder,2025-2026
535301,167,Carlos,Baleba,Baleba,36,Midfielder,2025-2026
514254,169,Diego,Gómez Amarilla,Gomez,36,Midfielder,2025-2026
15157,170,James,Milner,Milner,36,Midfielder,2025-2026
441192,171,Jeremy,Sarmiento Morante,Sarmiento,36,Midfielder,2025-2026
549074,172,Tom,Watson,Watson,36,Midfielder,2025-2026
467779,173,Mats,Wieffer,Wieffer,36,Midfielder,2025-2026
611695,174,Malick,Yalcouyé,Yalcouye,36,Midfielder,2025-2026
567121,175,Joe,Knight,Knight,36,Midfielder,2025-2026
550141,176,Adrian,Mazilu,Mazilu,36,Midfielder,2025-2026
513834,177,Andrew,Moran,Moran,36,Midfielder,2025-2026
50175,178,Danny,Welbeck,Welbeck,36,Forward,2025-2026
487117,179,Evan,Ferguson,Ferguson,36,Forward,2025-2026
608181,180,Stefanos,Tzimas,Tzimas,36,Forward,2025-2026
647850,181,Charalampos,Kostoulas,Kostoulas,36,Forward,2025-2026
556637,744,Nehemiah,Oriola,Oriola,36,Midfielder,2025-2026
604988,761,Freddie,Simmonds,Simmonds,36,Defender,2025-2026
60307,783,Pascal,Groß,Groß,36,Midfielder,2025-2026
597320,795,Harry,Howell,Howell,36,Midfielder,2025-2026
215059,220,Robert,Lynch Sánchez,Sánchez,8,Goalkeeper,2025-2026
508479,221,Filip,Jörgensen,Jörgensen,8,Goalkeeper,2025-2026
549939,222,Mike,Penders,Penders,8,Goalkeeper,2025-2026
471798,223,Gabriel,Słonina,Slonina,8,Goalkeeper,2025-2026
179268,224,Marc,Cucurella Saseta,Cucurella,8,Defender,2025-2026
225796,225,Reece,James,James,8,Defender,2025-2026
180736,226,Trevoh,Chalobah,Chalobah,8,Defender,2025-2026
460028,227,Levi,Samuels Colwill,Colwill,8,Defender,2025-2026
482609,228,Malo,Gusto,Gusto,8,Defender,2025-2026
242880,229,Benoît,Badiashile Mukinayi,B.Badiashile,8,Defender,2025-2026
444463,230,Wesley,Fofana,Fofana,8,Defender,2025-2026
574458,231,Mamadou,Sarr,M.Sarr,8,Defender,2025-2026
109646,232,Tosin,Adarabioyo,Tosin,8,Defender,2025-2026
577016,233,Josh,Acheampong,Acheampong,8,Defender,2025-2026
622758,234,Aarón,Anselmino,Anselmino,8,Defender,2025-2026
244851,235,Cole,Palmer,Palmer,8,Midfielder,2025-2026
247632,236,Pedro,Lomba Neto,Neto,8,Midfielder,2025-2026
448047,237,Enzo,Fernández,Enzo,8,Midfielder,2025-2026
624773,238,Estêvão,Almeida de Oliveira Gonçalves,Estêvão,8,Midfielder,2025-2026
463936,239,Jamie,Bynoe-Gittens,Gittens,8,Midfielder,2025-2026
213198,240,Christopher,Nkunku,Nkunku,8,Midfielder,2025-2026
486672,241,Moisés,Caicedo Corozo,Caicedo,8,Midfielder,2025-2026
514356,244,Roméo,Lavia,Lavia,8,Midfielder,2025-2026
465920,245,Mykhailo,Mudryk,Mudryk,8,Midfielder,2025-2026
532605,246,Andrey,Nascimento dos Santos,Andrey Santos,8,Midfielder,2025-2026
491007,247,Dário,Luís Essugo,D.Essugo,8,Midfielder,2025-2026
611134,248,Kendry,Páez Andrade,Paez,8,Midfielder,2025-2026
475168,249,João Pedro,Junqueira de Jesus,João Pedro,8,Forward,2025-2026
463034,250,Liam,Delap,Delap,8,Forward,2025-2026
517052,251,Nicolas,Jackson,N.Jackson,8,Forward,2025-2026
493105,453,Alejandro,Garnacho Ferreyra,Garnacho,8,Midfielder,2025-2026
551210,672,Jorrel,Hato,Hato,8,Defender,2025-2026
611912,743,Landon,Emenalo,Emenalo,8,Midfielder,2025-2026
518335,789,Max,Merrick,Merrick,8,Goalkeeper,2025-2026
499857,803,Teddy,Sharman-Lowe,Sharman-Lowe,8,Goalkeeper,2025-2026
172649,253,Dean,Henderson,Henderson,31,Goalkeeper,2025-2026
121709,254,Walter,Benítez,Benitez,31,Goalkeeper,2025-2026
169593,255,Remi,Matthews,Matthews,31,Goalkeeper,2025-2026
247348,256,Daniel,Muñoz Mejía,Muñoz,31,Defender,2025-2026
437499,257,Maxence,Lacroix,Lacroix,31,Defender,2025-2026
244723,258,Tyrick,Mitchell,Mitchell,31,Defender,2025-2026
218364,259,Borna,Sosa,Sosa,31,Defender,2025-2026
427623,261,Chris,Richards,Richards,31,Defender,2025-2026
515621,262,Chadi,Riad Dnanou,Chadi Riad,31,Defender,2025-2026
57328,263,Nathaniel,Clyne,Clyne,31,Defender,2025-2026
156074,264,Rob,Holding,Holding,31,Defender,2025-2026
590012,265,Caleb,Kporha,Kporha,31,Defender,2025-2026
232185,267,Ismaïla,Sarr,Sarr,31,Midfielder,2025-2026
438464,268,Cheick,Doucouré,Doucouré,31,Midfielder,2025-2026
606921,269,Romain,Esse,Esse,31,Midfielder,2025-2026
108413,270,Will,Hughes,Hughes,31,Midfielder,2025-2026
209400,271,Daichi,Kamada,Kamada,31,Midfielder,2025-2026
152551,272,Jefferson,Lerma Solís,Lerma,31,Midfielder,2025-2026
579075,274,Asher,Agbinone,Agbinone,31,Midfielder,2025-2026
466117,275,Naouirou,Ahamada,Ahamada,31,Midfielder,2025-2026
489706,276,Justin,Devenny,Devenny,31,Midfielder,2025-2026
450542,278,Jesurun,Rak-Sakyi,J.Rak-Sakyi,31,Midfielder,2025-2026
536694,279,Matheus,França de Oliveira,M.França,31,Midfielder,2025-2026
531989,280,David,Ozoh,Ozoh,31,Midfielder,2025-2026
530318,281,Kaden,Rodney,Rodney,31,Midfielder,2025-2026
574398,282,Franco,Umeh-Chibueze,Umeh,31,Midfielder,2025-2026
496221,273,Adam,Wharton,Wharton,31,Midfielder,2025-2026
450535,277,Malcolm,Ebiowei,Ebiowei,31,Midfielder,2025-2026
231747,283,Jean-Philippe,Mateta,Mateta,31,Forward,2025-2026
205533,284,Eddie,Nketiah,Nketiah,31,Forward,2025-2026
199670,285,Odsonne,Édouard,Édouard,31,Forward,2025-2026
576980,286,Zach,Marsh,Marsh,31,Forward,2025-2026
485337,677,Evann,Guessand,Guessand,31,Midfielder,2025-2026
590014,690,Rio,Cardines,Cardines,31,Midfielder,2025-2026
488024,712,Yéremy,Pino Santos,Yeremy,31,Midfielder,2025-2026
651426,723,Jaydee,Canvot,Canvot,31,Defender,2025-2026
660392,732,Christantus,Uche,Uche,31,Forward,2025-2026
672492,762,Joél,Drakes-Thomas,Drakes-Thomas,31,Midfielder,2025-2026
643426,773,Dean,Benamar,Benamar,31,Defender,2025-2026
631106,780,Ben,Casey,Casey,31,Forward,2025-2026
591384,793,George,King,King,31,Defender,2025-2026
502988,798,Danny,Imray,Imray,31,Defender,2025-2026
215413,242,Kiernan,Dewsbury-Hall,Dewsbury-Hall,11,Midfielder,2025-2026
550615,243,Tyrique,George,George,11,Midfielder,2025-2026
111234,287,Jordan,Pickford,Pickford,11,Goalkeeper,2025-2026
229600,288,Mark,Travers,Travers,11,Goalkeeper,2025-2026
447325,289,Harry,Tyrer,Tyrer,11,Goalkeeper,2025-2026
480455,290,Jarrad,Branthwaite,Branthwaite,11,Defender,2025-2026
17761,291,James,Tarkowski,Tarkowski,11,Defender,2025-2026
224967,292,Vitalii,Mykolenko,Mykolenko,11,Defender,2025-2026
512462,293,Jake,O'Brien,O'Brien,11,Defender,2025-2026
59949,294,Séamus,Coleman,Coleman,11,Defender,2025-2026
106611,295,Michael,Keane,Keane,11,Defender,2025-2026
243571,296,Nathan,Patterson,Patterson,11,Defender,2025-2026
496178,297,Roman,Dixon,Dixon,11,Defender,2025-2026
474907,298,Reece,Welch,Welch,11,Defender,2025-2026
440993,299,Iliman,Ndiaye,Ndiaye,11,Midfielder,2025-2026
433154,300,Dwight,McNeil,McNeil,11,Midfielder,2025-2026
502697,301,Carlos,Alcaraz Durán,Alcaraz,11,Midfielder,2025-2026
80801,302,Idrissa Gana,Gueye,Gana,11,Midfielder,2025-2026
232928,303,James,Garner,Garner,11,Midfielder,2025-2026
490094,304,Tim,Iroegbunam,Iroegbunam,11,Midfielder,2025-2026
547801,306,Callum,Bates,Bates,11,Midfielder,2025-2026
504296,307,Coby,Ebere,Ebere,11,Midfielder,2025-2026
496279,308,Isaac,Heath,Heath,11,Midfielder,2025-2026
491557,309,Jenson,Metcalfe,Metcalfe,11,Midfielder,2025-2026
586309,310,Thierno,Barry,Barry,11,Forward,2025-2026
486385,311,Norberto Bercique,Gomes Betuncal,Beto,11,Forward,2025-2026
491012,312,Youssef,Ramalho Chermiti,Y.Chermiti,11,Forward,2025-2026
536241,313,Martin,Sherif,Sherif,11,Forward,2025-2026
114283,419,Jack,Grealish,Grealish,11,Midfielder,2025-2026
499300,667,Adam,Aznou,Aznou,11,Defender,2025-2026
461446,704,Tyler,Onyango,Onyango,11,Midfielder,2025-2026
491745,705,Elijah,Campbell,Campbell,11,Defender,2025-2026
496661,707,Tyler,Dibling,Dibling,11,Midfielder,2025-2026
513466,728,Merlin,Röhl,Röhl,11,Midfielder,2025-2026
629068,779,Braiden,Graham,Graham,11,Forward,2025-2026
80201,314,Bernd,Leno,Leno,54,Goalkeeper,2025-2026
169528,316,Antonee,Robinson,Robinson,54,Defender,2025-2026
174874,317,Joachim,Andersen,Andersen,54,Defender,2025-2026
232892,318,Calvin,Bassey,Bassey,54,Defender,2025-2026
219924,320,Issa,Diop,Diop,54,Defender,2025-2026
246301,321,Jorge,Cuenca Barreno,J.Cuenca,54,Defender,2025-2026
153133,324,Alex,Iwobi,Iwobi,54,Midfielder,2025-2026
209289,325,Emile,Smith Rowe,Smith Rowe,54,Midfielder,2025-2026
156689,327,Andreas,Hoelgebaum Pereira,Andreas,54,Midfielder,2025-2026
153682,329,Harry,Wilson,Wilson,54,Midfielder,2025-2026
76357,331,Tom,Cairney,Cairney,54,Midfielder,2025-2026
573062,333,Martial,Godo,Godo,54,Midfielder,2025-2026
515024,334,Luke,Harris,Harris,54,Midfielder,2025-2026
577725,335,Josh,King,King,54,Midfielder,2025-2026
153366,336,Harrison,Reed,Reed,54,Midfielder,2025-2026
102057,337,Raúl,Jiménez Rodríguez,Raúl,54,Forward,2025-2026
244042,338,Rodrigo,Muniz Carvalho,Muniz,54,Forward,2025-2026
218328,727,Samuel,Chukwueze,Chukwueze,54,Midfielder,2025-2026
560552,731,Kevin,Santos Lopes de Macedo,Kevin,54,Midfielder,2025-2026
631786,737,Jonah,Kusi-Asare,Kusi-Asare,54,Forward,2025-2026
619536,770,Seth,Ridgeon,Ridgeon,54,Midfielder,2025-2026
505079,786,Alfie,McNally,McNally,54,Goalkeeper,2025-2026
536916,168,Facundo,Buonanotte,Buonanotte,2,Midfielder,2025-2026
437495,339,Illan,Meslier,Meslier,2,Goalkeeper,2025-2026
59735,341,Karl,Darlow,Darlow,2,Goalkeeper,2025-2026
226182,342,Jayden,Bogle,Bogle,2,Defender,2025-2026
222694,343,Pascal,Struijk,Struijk,2,Defender,2025-2026
434752,344,Jaka,Bijol,Bijol,2,Defender,2025-2026
437738,345,Sebastiaan,Bornauw,Bornauw,2,Defender,2025-2026
113564,346,Sam,Byram,Byram,2,Defender,2025-2026
243526,347,Gabriel,Gudmundsson,Gudmundsson,2,Defender,2025-2026
214225,348,Joe,Rodon,Rodon,2,Defender,2025-2026
492368,349,Isaac,Schmidt,Schmidt,2,Defender,2025-2026
492859,351,Wilfried,Gnonto,Gnonto,2,Midfielder,2025-2026
221399,352,Jack,Harrison,Harrison,2,Midfielder,2025-2026
200617,353,Daniel,James,James,2,Midfielder,2025-2026
199598,354,Ethan,Ampadu,Ampadu,2,Midfielder,2025-2026
248937,355,Sam,Greenwood,Greenwood,2,Midfielder,2025-2026
486520,356,Ilia,Gruev,Gruev,2,Midfielder,2025-2026
433952,357,Largie,Ramazani,Ramazani,2,Midfielder,2025-2026
248056,358,Tanaka,Ao,Tanaka,2,Midfielder,2025-2026
536119,359,Charlie,Crew,Crew,2,Midfielder,2025-2026
462635,360,Joe,Gelhardt,Gelhardt,2,Midfielder,2025-2026
470294,361,Darko,Gyabi,Gyabi,2,Midfielder,2025-2026
177815,691,Dominic,Calvert-Lewin,Calvert-Lewin,2,Forward,2025-2026
220627,706,James,Justin,Justin,2,Defender,2025-2026
600882,741,Harry,Gray,Gray,2,Forward,2025-2026
565863,787,Sam,Chambers,Chambers,2,Midfielder,2025-2026
116535,366,Alisson,Becker,A.Becker,14,Goalkeeper,2025-2026
449027,367,Giorgi,Mamardashvili,Mamardashvili,14,Goalkeeper,2025-2026
586268,368,Ármin,Pécsi,Pécsi,14,Goalkeeper,2025-2026
496208,391,Ben,Gannon-Doak,Gannon-Doak,91,Midfielder,2025-2026
609873,305,Harrison,Armstrong,Armstrong,11,Midfielder,2025-2026
428971,315,Steven,Benda,Benda,54,Goalkeeper,2025-2026
166477,319,Timothy,Castagne,Castagne,54,Defender,2025-2026
167074,322,Kenny,Tete,Tete,54,Defender,2025-2026
591385,323,Samuel,Amissah,Amissah,54,Defender,2025-2026
184349,328,Ryan,Sessegnon,Sessegnon,54,Midfielder,2025-2026
207189,330,Sander,Berge,Berge,54,Midfielder,2025-2026
212314,332,Saša,Lukić,Lukić,54,Midfielder,2025-2026
86873,664,Benjamin,Lecomte,Lecomte,54,Goalkeeper,2025-2026
97846,340,Alex,Cairns,Cairns,2,Goalkeeper,2025-2026
427637,350,Brenden,Aaronson,Aaronson,2,Midfielder,2025-2026
235826,362,Joël,Piroe,Piroe,2,Forward,2025-2026
106617,363,Patrick,Bamford,Bamford,2,Forward,2025-2026
565297,364,Mateo,Joseph Fernández-Regatillo,Mateo Joseph,2,Forward,2025-2026
174594,365,Lukas,Nmecha,Nmecha,2,Forward,2025-2026
180135,493,Sean,Longstaff,Longstaff,2,Midfielder,2025-2026
466525,660,Anton,Stach,Stach,2,Midfielder,2025-2026
201595,665,Lucas Estella,Perri,Perri,2,Goalkeeper,2025-2026
435997,698,Noah,Okafor,Okafor,2,Midfielder,2025-2026
155503,369,Freddie,Woodman,Woodman,14,Goalkeeper,2025-2026
216094,370,Jeremie,Frimpong,Frimpong,14,Defender,2025-2026
544877,371,Milos,Kerkez,Kerkez,14,Defender,2025-2026
122798,372,Andrew,Robertson,Robertson,14,Defender,2025-2026
97032,373,Virgil,van Dijk,Virgil,14,Defender,2025-2026
204716,374,Ibrahima,Konaté,Konaté,14,Defender,2025-2026
171287,376,Joe,Gomez,Gomez,14,Defender,2025-2026
214285,377,Konstantinos,Tsimikas,Tsimikas,14,Defender,2025-2026
611926,378,Amara,Nallo,Nallo,14,Defender,2025-2026
219937,379,Rhys,Williams,R.Williams,14,Defender,2025-2026
489580,380,Calvin,Ramsay,Ramsay,14,Defender,2025-2026
118748,381,Mohamed,Salah,M.Salah,14,Midfielder,2025-2026
494595,382,Florian,Wirtz,Wirtz,14,Midfielder,2025-2026
244731,383,Luis,Díaz Marulanda,Luis Díaz,14,Midfielder,2025-2026
243298,384,Cody,Gakpo,Gakpo,14,Midfielder,2025-2026
223541,385,Federico,Chiesa,Chiesa,14,Midfielder,2025-2026
243016,386,Alexis,Mac Allister,Mac Allister,14,Midfielder,2025-2026
424876,387,Dominik,Szoboszlai,Szoboszlai,14,Midfielder,2025-2026
206915,388,Curtis,Jones,C.Jones,14,Midfielder,2025-2026
441266,390,Ryan,Gravenberch,Gravenberch,14,Midfielder,2025-2026
158983,392,Endo,Wataru,Endo,14,Midfielder,2025-2026
535928,393,Stefan,Bajčetić Maquieira,Bajcetic,14,Midfielder,2025-2026
491501,394,James,McConnell,McConnell,14,Midfielder,2025-2026
440148,395,Tyler,Morton,Morton,14,Midfielder,2025-2026
591386,396,Trey,Nyoni,Nyoni,14,Midfielder,2025-2026
447203,397,Darwin,Núñez Ribeiro,Darwin,14,Forward,2025-2026
500058,398,Jayden,Danns,Danns,14,Forward,2025-2026
219168,499,Alexander,Isak,Isak,14,Forward,2025-2026
510663,661,Hugo,Ekitiké,Ekitiké,14,Forward,2025-2026
611922,686,Rio,Ngumoha,Ngumoha,14,Midfielder,2025-2026
647681,692,Giovanni,Leoni,Leoni,14,Defender,2025-2026
596042,746,Kieran,Morrison,Morrison,14,Midfielder,2025-2026
519440,760,Wellity,Lucky,Lucky,14,Defender,2025-2026
437730,82,Antoine,Semenyo,Semenyo,43,Midfielder,2025-2026
432720,182,James,Trafford,Trafford,43,Goalkeeper,2025-2026
209036,260,Marc,Guéhi,Guéhi,43,Defender,2025-2026
121160,399,Ederson,Santana de Moraes,Ederson M.,43,Goalkeeper,2025-2026
122074,401,Marcus,Bettinelli,Bettinelli,43,Goalkeeper,2025-2026
448514,402,Rayan,Aït-Nouri,Aït-Nouri,43,Defender,2025-2026
477424,403,Joško,Gvardiol,Gvardiol,43,Defender,2025-2026
211975,404,Manuel,Akanji,Akanji,43,Defender,2025-2026
578153,406,Abdukodir,Khusanov,Khusanov,43,Defender,2025-2026
465351,407,Matheus,Nunes,Matheus N.,43,Defender,2025-2026
477064,410,Rico,Lewis,Lewis,43,Defender,2025-2026
472769,411,Nico,O'Reilly,O'Reilly,43,Defender,2025-2026
616222,412,Vitor,de Oliveira Nunes dos Reis,Vitor Reis,43,Defender,2025-2026
438234,413,Omar,Marmoush,Marmoush,43,Midfielder,2025-2026
209244,414,Phil,Foden,Foden,43,Midfielder,2025-2026
510281,415,Sávio,Moreira de Oliveira,Savinho,43,Midfielder,2025-2026
165809,416,Bernardo,Mota Veiga de Carvalho e Silva,Bernardo,43,Midfielder,2025-2026
466052,417,Rayan,Cherki,Cherki,43,Midfielder,2025-2026
248875,418,Jérémy,Doku,Doku,43,Midfielder,2025-2026
59859,420,İlkay,Gündoğan,Gündoğan,43,Midfielder,2025-2026
222690,448,Tyrell,Malacia,Malacia,1,Defender,2025-2026
141746,449,Bruno,Borges Fernandes,B.Fernandes,1,Midfielder,2025-2026
430871,450,Matheus,Santos Carneiro da Cunha,Cunha,1,Midfielder,2025-2026
467169,454,Antony,dos Santos,Antony,1,Midfielder,2025-2026
61256,457,Carlos Henrique,Casimiro,Casemiro,1,Midfielder,2025-2026
232112,459,Manuel,Ugarte Ribeiro,Ugarte,1,Midfielder,2025-2026
618873,463,Sékou,Koné,Kone,1,Midfielder,2025-2026
477555,424,Oscar,Bobb,Bobb,54,Midfielder,2025-2026
492777,375,Conor,Bradley,Bradley,14,Defender,2025-2026
126184,405,Nathan,Aké,Aké,43,Defender,2025-2026
171314,408,Rúben,dos Santos Gato Alves Dias,Rúben,43,Defender,2025-2026
97299,409,John,Stones,Stones,43,Defender,2025-2026
220566,421,Rodrigo 'Rodri',Hernandez Cascante,Rodrigo,43,Midfielder,2025-2026
91651,422,Mateo,Kovačić,Kovačić,43,Midfielder,2025-2026
465694,423,Nico,González Iglesias,N.Gonzalez,43,Midfielder,2025-2026
575204,425,Claudio,Echeverri,Echeverri,43,Midfielder,2025-2026
433036,427,Tijjani,Reijnders,Reijnders,43,Midfielder,2025-2026
566164,428,Sverre,Nypan,Nypan,43,Midfielder,2025-2026
155405,429,Kalvin,Phillips,Phillips,43,Midfielder,2025-2026
223094,430,Erling,Haaland,Haaland,43,Forward,2025-2026
204936,736,Gianluigi,Donnarumma,Donnarumma,43,Goalkeeper,2025-2026
590039,739,Divine,Mukasa,Mukasa,43,Midfielder,2025-2026
566213,740,Stephen,Mfuni,Mfuni,43,Defender,2025-2026
616288,742,Ryan,McAidoo,McAidoo,43,Midfielder,2025-2026
516234,763,Charlie,Gray,Gray,43,Midfielder,2025-2026
580921,764,Reigan,Heskey,Heskey,43,Midfielder,2025-2026
494307,794,Max,Alleyne,Alleyne,43,Defender,2025-2026
446008,119,Bryan,Mbeumo,Mbeumo,1,Midfielder,2025-2026
451302,431,Altay,Bayındır,Bayindir,1,Goalkeeper,2025-2026
202641,432,André,Onana,Onana,1,Goalkeeper,2025-2026
588555,433,Elyh,Harrison,Harrison,1,Goalkeeper,2025-2026
21205,434,Tom,Heaton,Heaton,1,Goalkeeper,2025-2026
461537,435,Dermot,Mee,Mee,1,Goalkeeper,2025-2026
209365,436,Matthijs,de Ligt,De Ligt,1,Defender,2025-2026
221820,437,Lisandro,Martínez,Martinez,1,Defender,2025-2026
230001,438,Noussair,Mazraoui,Mazraoui,1,Defender,2025-2026
661712,439,Diego,León Blanco,D.Leon,1,Defender,2025-2026
216051,440,Diogo,Dalot Teixeira,Dalot,1,Defender,2025-2026
596777,441,Patrick,Dorgu,Dorgu,1,Defender,2025-2026
95658,442,Harry,Maguire,Maguire,1,Defender,2025-2026
106760,443,Luke,Shaw,Shaw,1,Defender,2025-2026
550864,444,Leny,Yoro,Yoro,1,Defender,2025-2026
577974,445,Harry,Amass,Amass,1,Defender,2025-2026
547676,446,Tyler,Fredricson,Fredricson,1,Defender,2025-2026
606745,447,Ayden,Heaven,Heaven,1,Defender,2025-2026
176297,451,Marcus,Rashford,Rashford,1,Midfielder,2025-2026
493250,452,Amad,Diallo,Amad,1,Midfielder,2025-2026
184341,455,Mason,Mount,Mount,1,Midfielder,2025-2026
516895,458,Kobbie,Mainoo,Mainoo,1,Midfielder,2025-2026
490881,460,Toby,Collyer,Collyer,1,Midfielder,2025-2026
556639,461,Jayce,Fitzgerald,Fitzgerald,1,Midfielder,2025-2026
547037,462,Jack,Fletcher,J.Fletcher,1,Midfielder,2025-2026
559684,464,Jack,Moorhouse,Moorhouse,1,Midfielder,2025-2026
497894,465,Rasmus,Højlund,Højlund,1,Forward,2025-2026
458249,466,Joshua,Zirkzee,Zirkzee,1,Forward,2025-2026
596047,467,Chido,Obi,Obi,1,Forward,2025-2026
575034,468,Ethan,Wheatley,Wheatley,1,Forward,2025-2026
576634,827,Jim,Thwaites,Thwaites,1,Midfielder,2025-2026
434399,541,Reinildo,Mandava,Reinildo,56,Defender,2025-2026
499309,252,Marc,Guiu Paz,Marc Guiu,8,Forward,2025-2026
485711,681,Benjamin,Sesko,Šeško,1,Forward,2025-2026
465247,733,Senne,Lammens,Lammens,1,Goalkeeper,2025-2026
576628,755,Shea,Lacey,Lacey,1,Midfielder,2025-2026
576620,769,Bendito,Mantato,Bendito Mantato,1,Midfielder,2025-2026
519913,771,Tyler,Fletcher,Fletcher,1,Midfielder,2025-2026
576637,788,Godwill,Kukonki,Kukonki,1,Defender,2025-2026
232653,52,Jacob,Ramsey,J.Ramsey,4,Midfielder,2025-2026
216646,135,Yoane,Wissa,Wissa,4,Forward,2025-2026
98747,469,Nick,Pope,Pope,4,Goalkeeper,2025-2026
81441,471,Mark,Gillespie,Gillespie,4,Goalkeeper,2025-2026
111452,472,Odysseas,Vlachodimos,Odysseas,4,Goalkeeper,2025-2026
487838,473,Lewis,Hall,Hall,4,Defender,2025-2026
119471,474,Fabian,Schär,Schär,4,Defender,2025-2026
220237,475,Sven,Botman,Botman,4,Defender,2025-2026
78916,476,Dan,Burn,Burn,4,Defender,2025-2026
441191,477,Tino,Livramento,Livramento,4,Defender,2025-2026
77794,478,Kieran,Trippier,Trippier,4,Defender,2025-2026
111773,479,Emil,Krafth,Krafth,4,Defender,2025-2026
101148,480,Jamaal,Lascelles,Lascelles,4,Defender,2025-2026
545477,481,Alex,Murphy,A.Murphy,4,Defender,2025-2026
441024,482,Harrison,Ashby,Ashby,4,Defender,2025-2026
578512,483,Miodrag,Pivaš,Pivas,4,Defender,2025-2026
169359,484,Matt,Targett,Targett,4,Defender,2025-2026
232826,485,Anthony,Gordon,Gordon,4,Midfielder,2025-2026
449434,486,Anthony,Elanga,Elanga,4,Midfielder,2025-2026
201666,487,Harvey,Barnes,Barnes,4,Midfielder,2025-2026
208706,488,Bruno,Guimarães Rodriguez Moura,Bruno G.,4,Midfielder,2025-2026
114243,489,Jacob,Murphy,J.Murphy,4,Midfielder,2025-2026
180974,490,Joelinton Cássio,Apolinário de Lira,Joelinton,4,Midfielder,2025-2026
432422,491,Sandro,Tonali,Tonali,4,Midfielder,2025-2026
640108,492,Antoñito,Cordero Campillo,Antoñito C.,4,Midfielder,2025-2026
200089,494,Joe,Willock,Willock,4,Midfielder,2025-2026
153127,495,Isaac,Hayden,Hayden,4,Midfielder,2025-2026
564510,496,Garang,Kuol,Kuol,4,Midfielder,2025-2026
547719,497,Lewis,Miley,L.Miley,4,Midfielder,2025-2026
461484,498,Joe,White,White,4,Midfielder,2025-2026
538207,500,William,Osula,Osula,4,Forward,2025-2026
599303,501,Sean,Neave,Neave,4,Forward,2025-2026
225321,674,Aaron,Ramsdale,Ramsdale,4,Goalkeeper,2025-2026
465642,684,Malick,Thiaw,Thiaw,4,Defender,2025-2026
623110,689,Seung-Soo,Park,Seung soo,4,Midfielder,2025-2026
470313,714,Nick,Woltemade,Woltemade,4,Forward,2025-2026
19236,753,John,Ruddy,Ruddy,4,Goalkeeper,2025-2026
553746,765,Leo,Shahar,Shahar,4,Defender,2025-2026
666607,772,Sam,Alabi,Alabi,4,Midfielder,2025-2026
206325,12,Oleksandr,Zinchenko,Zinchenko,17,Defender,2025-2026
88248,400,Stefan,Ortega Moreno,Ortega Moreno,17,Goalkeeper,2025-2026
432714,426,James,McAtee,McAtee,17,Midfielder,2025-2026
85633,502,Matz,Sels,Sels,17,Goalkeeper,2025-2026
475123,503,Carlos Miguel,dos Santos Pereira,C.Miguel,17,Goalkeeper,2025-2026
230046,699,Douglas Luiz,Soares de Paulo,Douglas Luiz,7,Midfielder,2025-2026
138001,630,Tom,King,King,11,Goalkeeper,2025-2026
224068,504,Matt,Turner,Turner,17,Goalkeeper,2025-2026
227444,505,Nikola,Milenković,Milenković,17,Defender,2025-2026
575476,506,Murillo,Costa dos Santos,Murillo,17,Defender,2025-2026
159506,507,Ola,Aina,Aina,17,Defender,2025-2026
215136,508,Neco,Williams,N.Williams,17,Defender,2025-2026
451432,509,David,Mota Veiga Teixeira do Carmo,David Carmo,17,Defender,2025-2026
575458,510,Jair,Paula da Cunha Filho,Jair Cunha,17,Defender,2025-2026
485047,511,Felipe,Rodrigues da Silva,Morato,17,Defender,2025-2026
204822,512,Omar,Richards,O.Richards,17,Defender,2025-2026
549067,513,Zach,Abbott,Abbott,17,Defender,2025-2026
90585,514,Willy,Boly,Boly,17,Defender,2025-2026
222531,515,Morgan,Gibbs-White,Gibbs-White,17,Midfielder,2025-2026
209046,516,Callum,Hudson-Odoi,Hudson-Odoi,17,Midfielder,2025-2026
215379,517,Elliot,Anderson,Anderson,17,Midfielder,2025-2026
510500,518,João Pedro,Ferreira da Silva,Jota,17,Midfielder,2025-2026
250199,519,Nicolás,Domínguez,Dominguez,17,Midfielder,2025-2026
243345,520,Lewis,O'Brien,O'Brien,17,Midfielder,2025-2026
210462,521,Ibrahim,Sangaré,Sangaré,17,Midfielder,2025-2026
204968,522,Ryan,Yates,Yates,17,Midfielder,2025-2026
569014,523,Eric,da Silva Moreira,Da Silva Moreira,17,Midfielder,2025-2026
495161,524,Marko,Stamenić,Stamenic,17,Midfielder,2025-2026
60689,525,Chris,Wood,Wood,17,Forward,2025-2026
482973,526,Igor Jesus,Maciel da Cruz,Igor Jesus,17,Forward,2025-2026
210156,527,Taiwo,Awoniyi,Awoniyi,17,Forward,2025-2026
456512,669,Dan,Ndoye,Ndoye,17,Midfielder,2025-2026
107265,675,Angus,Gunn,Gunn,17,Goalkeeper,2025-2026
503301,693,Omari,Hutchinson,Hutchinson,17,Midfielder,2025-2026
465680,696,Arnaud,Kalimuendo,Kalimuendo,17,Forward,2025-2026
221389,715,John Victor,Maciel Furtado,John,17,Goalkeeper,2025-2026
500151,716,Nicolò,Savona,Savona,17,Defender,2025-2026
560441,729,Luis Eduardo,Soares da Silva,Cuiabano,17,Defender,2025-2026
476887,734,Dilane,Bakwa,Bakwa,17,Midfielder,2025-2026
469130,805,Lorenzo,Lucca,Lucca,17,Forward,2025-2026
470315,814,Luca,Netz,Netz,17,Defender,2025-2026
232571,528,Anthony,Patterson,Patterson,56,Goalkeeper,2025-2026
74854,529,Simon,Moore,Moore,56,Goalkeeper,2025-2026
490000,530,Blondy,Nna Noukeu,Nna Noukeu,56,Goalkeeper,2025-2026
223827,531,Daniel,Ballard,Ballard,56,Defender,2025-2026
487676,532,Trai,Hume,Hume,56,Defender,2025-2026
220684,533,Aji,Alese,Alese,56,Defender,2025-2026
232820,534,Joe,Anderson,Anderson,56,Defender,2025-2026
461195,535,Dennis,Cirkin,Cirkin,56,Defender,2025-2026
477547,536,Leo Fuhr,Hjelde,Hjelde,56,Defender,2025-2026
492066,537,Niall,Huggins,Huggins,56,Defender,2025-2026
514613,538,Zak,Johnson,Johnson,56,Defender,2025-2026
167512,539,Luke,O'Nien,O'Nien,56,Defender,2025-2026
465702,540,Timothée,Pembélé,Pembele,56,Defender,2025-2026
242898,580,Brennan,Johnson,Johnson,31,Midfielder,2025-2026
519634,542,Jenson,Seelt,Seelt,56,Defender,2025-2026
535818,543,Simon,Adingra,Adingra,56,Midfielder,2025-2026
547027,544,Habib,Diarra,Diarra,56,Midfielder,2025-2026
124165,545,Patrick,Roberts,Roberts,56,Midfielder,2025-2026
626844,546,Milan,Aleksić,Aleksić,56,Midfielder,2025-2026
484420,547,Enzo,Le Fée,E.Le Fée,56,Midfielder,2025-2026
461199,548,Romaine,Mundle,Mundle,56,Midfielder,2025-2026
223336,549,Dan,Neil,Neil,56,Midfielder,2025-2026
215460,550,Ian,Poveda-Ocampo,Poveda,56,Midfielder,2025-2026
554197,551,Chris,Rigg,Rigg,56,Midfielder,2025-2026
577669,552,Noah,Sadiki,Sadiki,56,Midfielder,2025-2026
549912,553,Chemsdine,Talbi,Talbi,56,Midfielder,2025-2026
477851,554,Abdoullah,Ba,Ba,56,Midfielder,2025-2026
171422,555,Alan,Browne,Browne,56,Midfielder,2025-2026
458297,556,Pierre,Ekwah Elimby,Ekwah,56,Midfielder,2025-2026
547410,557,Harrison,Jones,H.Jones,56,Midfielder,2025-2026
493837,558,Jay,Matete,Matete,56,Midfielder,2025-2026
500696,559,Nectarios,Triantis,Triantis,56,Midfielder,2025-2026
437505,560,Wilson,Isidor,Isidor,56,Forward,2025-2026
564406,561,Eliezer,Mayenda Dossou,Mayenda,56,Forward,2025-2026
611975,562,Ahmed,Abdullahi,Abdullahi,56,Forward,2025-2026
551153,563,Luís Hemir,Silva Semedo,Luís Hemir,56,Forward,2025-2026
440955,564,Nazarii,Rusyn,Rusyn,56,Forward,2025-2026
84450,668,Granit,Xhaka,Xhaka,56,Midfielder,2025-2026
498016,670,Robin,Roefs,Roefs,56,Goalkeeper,2025-2026
105717,678,Arthur,Masuaku,Masuaku,56,Defender,2025-2026
201895,683,Omar,Alderete,Alderete,56,Defender,2025-2026
200834,694,Nordi,Mukiele,Mukiele,56,Defender,2025-2026
247955,724,Lutsharel,Geertruida,Geertruida,56,Defender,2025-2026
441264,730,Brian,Brobbey,Brobbey,56,Forward,2025-2026
110504,735,Bertrand,Traoré,Traoré,56,Midfielder,2025-2026
232356,774,Jenson,Jones,Jenson Jones,56,Defender,2025-2026
604211,775,Tymur,Tutierov,Tutierov,56,Midfielder,2025-2026
699989,800,Djiamgone Jocelin Ta,Bi,Jocelin.T,56,Midfielder,2025-2026
515046,812,Melker,Ellborg,Ellborg,56,Goalkeeper,2025-2026
536661,813,Nilson,Angulo,Angulo,56,Midfielder,2025-2026
570929,821,Jack,Whittaker,Whittaker,56,Midfielder,2025-2026
571087,822,Jaydon,Jones,Jones,56,Midfielder,2025-2026
184254,565,Guglielmo,Vicario,Vicario,6,Goalkeeper,2025-2026
214572,566,Brandon,Austin,Austin,6,Goalkeeper,2025-2026
485055,567,Antonín,Kinský,Kinsky,6,Goalkeeper,2025-2026
441164,568,Pedro,Porro Sauceda,Pedro Porro,6,Defender,2025-2026
221632,569,Cristian,Romero,Romero,6,Defender,2025-2026
135720,570,Kevin,Danso,Danso,6,Defender,2025-2026
115556,571,Ben,Davies,Davies,6,Defender,2025-2026
493125,572,Radu,Drăgușin,Dragusin,6,Defender,2025-2026
232859,573,Djed,Spence,Spence,6,Defender,2025-2026
487053,574,Destiny,Udogie,Udogie,6,Defender,2025-2026
491279,575,Micky,van de Ven,Van de Ven,6,Defender,2025-2026
548308,576,Ashley,Phillips,Phillips,6,Defender,2025-2026
101178,614,James,Ward-Prowse,Ward-Prowse,90,Midfielder,2025-2026
223434,149,Igor Julio,dos Santos de Paulo,Igor,36,Defender,2025-2026
553299,577,Takai,Kōta,Takai,6,Defender,2025-2026
610799,578,Luka,Vušković,Vuskovic,6,Defender,2025-2026
85971,579,Son,Heung-min,Son,6,Midfielder,2025-2026
172780,581,James,Maddison,Maddison,6,Midfielder,2025-2026
460842,582,Mohammed,Kudus,Kudus,6,Midfielder,2025-2026
445044,583,Dejan,Kulusevski,Kulusevski,6,Midfielder,2025-2026
511499,584,Mathys,Tel,Tel,6,Midfielder,2025-2026
202993,585,Rodrigo,Bentancur,Bentancur,6,Midfielder,2025-2026
570526,586,Lucas,Bergvall,Bergvall,6,Midfielder,2025-2026
227127,587,Yves,Bissouma,Bissouma,6,Midfielder,2025-2026
550839,588,Wilson,Odobert,Odobert,6,Midfielder,2025-2026
235674,589,Manor,Solomon,Solomon,6,Midfielder,2025-2026
436234,590,Bryan,Gil Salvatierra,Bryan,6,Midfielder,2025-2026
547701,591,Archie,Gray,Gray,6,Midfielder,2025-2026
499721,592,Mikey,Moore,Moore,6,Midfielder,2025-2026
482442,593,Pape Matar,Sarr,P.M.Sarr,6,Midfielder,2025-2026
623095,594,Yang,Min-hyeok,Min-hyeok,6,Midfielder,2025-2026
499726,595,Callum,Olusesi,Olusesi,6,Midfielder,2025-2026
154566,596,Dominic,Solanke-Mitchell,Solanke,6,Forward,2025-2026
212319,597,Richarlison,de Andrade,Richarlison,6,Forward,2025-2026
552427,598,Will,Lankshear,Lankshear,6,Forward,2025-2026
490145,599,Dane,Scarlett,Scarlett,6,Forward,2025-2026
154296,673,João Maria,Lobo Alves Palhares Costa Palhinha Gonçalves,J.Palhinha,6,Midfielder,2025-2026
493362,717,Xavi,Simons,Xavi,6,Midfielder,2025-2026
247693,726,Randal,Kolo Muani,Kolo Muani,6,Forward,2025-2026
640419,745,Jun'ai,Byfield,Byfield,6,Defender,2025-2026
499716,750,James,Rowswell,Rowswell,6,Defender,2025-2026
590035,751,Yusuf,Akhamrich,Akhamrich,6,Midfielder,2025-2026
611917,790,Lucá,Williams-Barnett,Williams-Barnett,6,Midfielder,2025-2026
232787,796,Conor,Gallagher,Gallagher,6,Midfielder,2025-2026
616221,804,João Victor,de Souza Menezes,Souza,6,Defender,2025-2026
536134,811,Rio,Kyerematen,Kyerematen,6,Midfielder,2025-2026
613232,818,James,Wilson,Wilson,6,Forward,2025-2026
159533,326,Adama,Traoré Diarra,Adama,21,Midfielder,2025-2026
84182,600,Alphonse,Areola,Areola,21,Goalkeeper,2025-2026
82143,601,Wes,Foderingham,Foderingham,21,Goalkeeper,2025-2026
483364,602,Krisztián,Hegyi,Hegyi,21,Goalkeeper,2025-2026
613804,603,El Hadji Malick,Diouf,Diouf,21,Defender,2025-2026
109533,604,Emerson,Palmieri dos Santos,Emerson,21,Defender,2025-2026
214048,605,Maximilian,Kilman,Kilman,21,Defender,2025-2026
233963,606,Konstantinos,Mavropanos,Mavropanos,21,Defender,2025-2026
210494,607,Nayef,Aguerd,N.Aguerd,21,Defender,2025-2026
536109,608,Ollie,Scarles,Scarles,21,Defender,2025-2026
462116,609,Jean-Clair,Todibo,Todibo,21,Defender,2025-2026
214590,610,Aaron,Wan-Bissaka,Wan-Bissaka,21,Defender,2025-2026
518438,611,Kaelan,Casey,Casey,21,Defender,2025-2026
247412,654,Jørgen,Strand Larsen,Strand Larsen,31,Forward,2025-2026
224024,612,Lucas,Tolentino Coelho de Lima,L.Paquetá,21,Midfielder,2025-2026
215439,613,Tomáš,Souček,Souček,21,Midfielder,2025-2026
450070,615,Crysencio,Summerville,Summerville,21,Midfielder,2025-2026
213999,616,Edson,Álvarez Velázquez,Álvarez,21,Midfielder,2025-2026
149519,617,Maxwel,Cornet,Cornet,21,Midfielder,2025-2026
197024,618,Guido,Rodríguez,G.Rodriguez,21,Midfielder,2025-2026
577114,619,Luis Guilherme,Lira dos Santos,L.Guilherme,21,Midfielder,2025-2026
490885,620,George,Earthy,Earthy,21,Midfielder,2025-2026
229384,621,Andy,Irving,Irving,21,Midfielder,2025-2026
518442,622,Lewis,Orford,Orford,21,Midfielder,2025-2026
490142,623,Freddie,Potts,Potts,21,Midfielder,2025-2026
178186,624,Jarrod,Bowen,Bowen,21,Forward,2025-2026
91889,625,Niclas,Füllkrug,Füllkrug,21,Forward,2025-2026
565431,626,Callum,Marshall,Marshall,21,Forward,2025-2026
158534,659,Kyle,Walker-Peters,Walker-Peters,21,Defender,2025-2026
75115,671,Callum,Wilson,Wilson,21,Forward,2025-2026
467189,679,Mads,Hermansen,Hermansen,21,Goalkeeper,2025-2026
551226,708,Mateus Gonçalo,Espanha Fernandes,M.Fernandes,21,Midfielder,2025-2026
564940,718,Soungoutou,Magassa,S.Magassa,21,Midfielder,2025-2026
37096,738,Lukasz,Fabianski,Fabianski,21,Goalkeeper,2025-2026
602903,747,Ezra,Mayers,Mayers,21,Defender,2025-2026
643473,752,Airidas,Golambeckis,Golambeckis,21,Defender,2025-2026
630699,758,Mohamadou,Kanté,Mohamadou Kanté,21,Midfielder,2025-2026
530335,785,Pablo Felipe,Pereira de Jesus,Pablo,21,Forward,2025-2026
247670,791,Valentín,Castellanos,Taty,21,Forward,2025-2026
572702,802,Keiber,Lamadrid,Lamadrid,21,Midfielder,2025-2026
220362,815,Axel,Disasi,Disasi,21,Defender,2025-2026
553742,825,Finlay,Herrick,Herrick,21,Goalkeeper,2025-2026
101982,627,Sam,Johnstone,Johnstone,39,Goalkeeper,2025-2026
149065,628,José,Malheiro de Sá,José Sá,39,Goalkeeper,2025-2026
79602,629,Daniel,Bentley,Bentley,39,Goalkeeper,2025-2026
516939,631,Emmanuel,Agbadou,Agbadou,39,Defender,2025-2026
87835,632,Matt,Doherty,Doherty,39,Defender,2025-2026
490721,633,Hugo,Bueno López,H.Bueno,39,Defender,2025-2026
501837,634,Yerson,Mosquera Valdelamar,Mosquera,39,Defender,2025-2026
483081,635,Rodrigo,Martins Gomes,R.Gomes,39,Defender,2025-2026
231480,636,Santiago,Ignacio Bueno,S.Bueno,39,Defender,2025-2026
510362,637,Toti,Gomes,Toti,39,Defender,2025-2026
441271,638,Ki-Jana,Hoever,Hoever,39,Defender,2025-2026
560248,639,Bastien,Meupiyou Menadjou,Meupiyou,39,Defender,2025-2026
641221,640,Pedro,Cardoso de Lima,Pedro Lima,39,Defender,2025-2026
517179,641,Alfie,Pond,Pond,39,Defender,2025-2026
184754,642,Hwang,Hee-chan,Hee Chan,39,Midfielder,2025-2026
509291,643,André,Trindade da Costa Neto,André,39,Midfielder,2025-2026
231057,644,Jean-Ricner,Bellegarde,Bellegarde,39,Midfielder,2025-2026
643135,645,Fer,López González,Fer López,39,Midfielder,2025-2026
448089,646,João Victor,Gomes da Silva,J.Gomes,39,Midfielder,2025-2026
181284,647,Gonçalo Manuel,Ganchinho Guedes,Guedes,39,Midfielder,2025-2026
433312,648,Marshall,Munetsi,Munetsi,39,Midfielder,2025-2026
476502,649,Boubacar,Traoré,B.Traore,39,Midfielder,2025-2026
497606,650,Tawanda,Chirewa,Chirewa,39,Midfielder,2025-2026
596054,651,Tom,Edozie,Edozie,39,Midfielder,2025-2026
593001,652,Enso,González Medina,Gonzalez,39,Midfielder,2025-2026
240299,653,Joe,Hodge,Hodge,39,Midfielder,2025-2026
449988,655,Fábio,Soares Silva,Fábio Silva,39,Forward,2025-2026
429414,656,Saša,Kalajdžić,Kalajdžić,39,Forward,2025-2026
589507,657,Leon,Chiwome,Chiwome,39,Forward,2025-2026
531363,658,Nathan,Fraser,Fraser,39,Forward,2025-2026
230376,663,Jhon,Arias,J.Arias,39,Midfielder,2025-2026
497949,682,David,Møller Wolfe,Møller Wolfe,39,Defender,2025-2026
523705,695,Jackson,Tchatchoua,Tchatchoua,39,Defender,2025-2026
431248,709,Ladislav,Krejcí,Krejčí,39,Defender,2025-2026
488213,720,Tolu,Arokodare,Tolu,39,Forward,2025-2026
647671,749,Mateus,Mané,Mané,39,Forward,2025-2026
601956,766,Saheed,Olagunju,Olagunju,39,Defender,2025-2026
605319,767,Luke,Rawlings,Rawlings,39,Midfielder,2025-2026
514362,777,Temple,Ojinnaka,Ojinnaka,39,Midfielder,2025-2026
589121,778,Ethan,Sutherland,Sutherland,39,Midfielder,2025-2026
685628,809,Jerome,Abbey,Abbey,39,Midfielder,2025-2026
209041,816,Angel,Gomes,Angel,39,Midfielder,2025-2026
155511,817,Adam,Armstrong,Armstrong,39,Forward,2025-2026
491460,828,Alfie,Brooks,Brooks,39,Goalkeeper,2025-2026
